# MONTH year idx display intercal elem gender animal | DAY year monthidx tshes d m y
MONTH	2010	0	1	0	Earth	male	Tiger
DAY	2010	0	1	15	2	2010
DAY	2010	0	2	16	2	2010
DAY	2010	0	3	17	2	2010
DAY	2010	0	4	18	2	2010
DAY	2010	0	5	19	2	2010
DAY	2010	0	6	20	2	2010
DAY	2010	0	7	21	2	2010
DAY	2010	0	8	22	2	2010
DAY	2010	0	9	23	2	2010
DAY	2010	0	10	24	2	2010
DAY	2010	0	11	25	2	2010
DAY	2010	0	12	26	2	2010
DAY	2010	0	14	27	2	2010
DAY	2010	0	15	28	2	2010
DAY	2010	0	16	1	3	2010
DAY	2010	0	17	2	3	2010
DAY	2010	0	18	3	3	2010
DAY	2010	0	19	4	3	2010
DAY	2010	0	20	5	3	2010
DAY	2010	0	21	6	3	2010
DAY	2010	0	22	7	3	2010
DAY	2010	0	23	8	3	2010
DAY	2010	0	24	9	3	2010
DAY	2010	0	25	10	3	2010
DAY	2010	0	26	11	3	2010
DAY	2010	0	27	12	3	2010
DAY	2010	0	28	13	3	2010
DAY	2010	0	29	14	3	2010
DAY	2010	0	30	15	3	2010
MONTH	2010	1	2	0	Earth	female	Rabbit
DAY	2010	1	1	16	3	2010
DAY	2010	1	2	17	3	2010
DAY	2010	1	3	18	3	2010
DAY	2010	1	4	19	3	2010
DAY	2010	1	5	20	3	2010
DAY	2010	1	6	21	3	2010
DAY	2010	1	7	22	3	2010
DAY	2010	1	8	23	3	2010
DAY	2010	1	9	24	3	2010
DAY	2010	1	10	25	3	2010
DAY	2010	1	11	26	3	2010
DAY	2010	1	12	27	3	2010
DAY	2010	1	13	28	3	2010
DAY	2010	1	14	29	3	2010
DAY	2010	1	15	30	3	2010
DAY	2010	1	16	31	3	2010
DAY	2010	1	18	1	4	2010
DAY	2010	1	19	2	4	2010
DAY	2010	1	20	3	4	2010
DAY	2010	1	21	4	4	2010
DAY	2010	1	22	5	4	2010
DAY	2010	1	22	6	4	2010
DAY	2010	1	23	7	4	2010
DAY	2010	1	24	8	4	2010
DAY	2010	1	25	9	4	2010
DAY	2010	1	26	10	4	2010
DAY	2010	1	27	11	4	2010
DAY	2010	1	28	12	4	2010
DAY	2010	1	29	13	4	2010
DAY	2010	1	30	14	4	2010
MONTH	2010	2	3	0	Iron	male	Dragon
DAY	2010	2	1	15	4	2010
DAY	2010	2	2	16	4	2010
DAY	2010	2	3	17	4	2010
DAY	2010	2	4	18	4	2010
DAY	2010	2	5	19	4	2010
DAY	2010	2	6	20	4	2010
DAY	2010	2	7	21	4	2010
DAY	2010	2	8	22	4	2010
DAY	2010	2	9	23	4	2010
DAY	2010	2	11	24	4	2010
DAY	2010	2	12	25	4	2010
DAY	2010	2	13	26	4	2010
DAY	2010	2	14	27	4	2010
DAY	2010	2	15	28	4	2010
DAY	2010	2	16	29	4	2010
DAY	2010	2	17	30	4	2010
DAY	2010	2	18	1	5	2010
DAY	2010	2	19	2	5	2010
DAY	2010	2	20	3	5	2010
DAY	2010	2	21	4	5	2010
DAY	2010	2	22	5	5	2010
DAY	2010	2	23	6	5	2010
DAY	2010	2	24	7	5	2010
DAY	2010	2	25	8	5	2010
DAY	2010	2	26	9	5	2010
DAY	2010	2	27	10	5	2010
DAY	2010	2	27	11	5	2010
DAY	2010	2	28	12	5	2010
DAY	2010	2	29	13	5	2010
DAY	2010	2	30	14	5	2010
MONTH	2010	3	4	0	Iron	female	Snake
DAY	2010	3	1	15	5	2010
DAY	2010	3	2	16	5	2010
DAY	2010	3	4	17	5	2010
DAY	2010	3	5	18	5	2010
DAY	2010	3	6	19	5	2010
DAY	2010	3	7	20	5	2010
DAY	2010	3	8	21	5	2010
DAY	2010	3	9	22	5	2010
DAY	2010	3	10	23	5	2010
DAY	2010	3	11	24	5	2010
DAY	2010	3	12	25	5	2010
DAY	2010	3	13	26	5	2010
DAY	2010	3	14	27	5	2010
DAY	2010	3	15	28	5	2010
DAY	2010	3	16	29	5	2010
DAY	2010	3	17	30	5	2010
DAY	2010	3	18	31	5	2010
DAY	2010	3	19	1	6	2010
DAY	2010	3	20	2	6	2010
DAY	2010	3	21	3	6	2010
DAY	2010	3	22	4	6	2010
DAY	2010	3	23	5	6	2010
DAY	2010	3	24	6	6	2010
DAY	2010	3	25	7	6	2010
DAY	2010	3	26	8	6	2010
DAY	2010	3	27	9	6	2010
DAY	2010	3	28	10	6	2010
DAY	2010	3	29	11	6	2010
DAY	2010	3	30	12	6	2010
MONTH	2010	4	5	0	Water	male	Horse
DAY	2010	4	1	13	6	2010
DAY	2010	4	2	14	6	2010
DAY	2010	4	3	15	6	2010
DAY	2010	4	4	16	6	2010
DAY	2010	4	5	17	6	2010
DAY	2010	4	7	18	6	2010
DAY	2010	4	8	19	6	2010
DAY	2010	4	9	20	6	2010
DAY	2010	4	10	21	6	2010
DAY	2010	4	11	22	6	2010
DAY	2010	4	12	23	6	2010
DAY	2010	4	13	24	6	2010
DAY	2010	4	14	25	6	2010
DAY	2010	4	15	26	6	2010
DAY	2010	4	16	27	6	2010
DAY	2010	4	17	28	6	2010
DAY	2010	4	18	29	6	2010
DAY	2010	4	19	30	6	2010
DAY	2010	4	20	1	7	2010
DAY	2010	4	21	2	7	2010
DAY	2010	4	22	3	7	2010
DAY	2010	4	23	4	7	2010
DAY	2010	4	23	5	7	2010
DAY	2010	4	24	6	7	2010
DAY	2010	4	25	7	7	2010
DAY	2010	4	26	8	7	2010
DAY	2010	4	27	9	7	2010
DAY	2010	4	29	10	7	2010
DAY	2010	4	30	11	7	2010
MONTH	2010	5	6	0	Water	female	Sheep
DAY	2010	5	1	12	7	2010
DAY	2010	5	2	13	7	2010
DAY	2010	5	3	14	7	2010
DAY	2010	5	4	15	7	2010
DAY	2010	5	5	16	7	2010
DAY	2010	5	6	17	7	2010
DAY	2010	5	7	18	7	2010
DAY	2010	5	8	19	7	2010
DAY	2010	5	9	20	7	2010
DAY	2010	5	11	21	7	2010
DAY	2010	5	12	22	7	2010
DAY	2010	5	13	23	7	2010
DAY	2010	5	14	24	7	2010
DAY	2010	5	14	25	7	2010
DAY	2010	5	15	26	7	2010
DAY	2010	5	16	27	7	2010
DAY	2010	5	17	28	7	2010
DAY	2010	5	18	29	7	2010
DAY	2010	5	19	30	7	2010
DAY	2010	5	20	31	7	2010
DAY	2010	5	21	1	8	2010
DAY	2010	5	22	2	8	2010
DAY	2010	5	23	3	8	2010
DAY	2010	5	24	4	8	2010
DAY	2010	5	25	5	8	2010
DAY	2010	5	26	6	8	2010
DAY	2010	5	27	7	8	2010
DAY	2010	5	28	8	8	2010
DAY	2010	5	29	9	8	2010
DAY	2010	5	30	10	8	2010
MONTH	2010	6	7	0	Wood	male	Monkey
DAY	2010	6	1	11	8	2010
DAY	2010	6	3	12	8	2010
DAY	2010	6	4	13	8	2010
DAY	2010	6	5	14	8	2010
DAY	2010	6	6	15	8	2010
DAY	2010	6	7	16	8	2010
DAY	2010	6	8	17	8	2010
DAY	2010	6	9	18	8	2010
DAY	2010	6	10	19	8	2010
DAY	2010	6	11	20	8	2010
DAY	2010	6	12	21	8	2010
DAY	2010	6	13	22	8	2010
DAY	2010	6	14	23	8	2010
DAY	2010	6	15	24	8	2010
DAY	2010	6	16	25	8	2010
DAY	2010	6	17	26	8	2010
DAY	2010	6	18	27	8	2010
DAY	2010	6	19	28	8	2010
DAY	2010	6	20	29	8	2010
DAY	2010	6	20	30	8	2010
DAY	2010	6	21	31	8	2010
DAY	2010	6	22	1	9	2010
DAY	2010	6	23	2	9	2010
DAY	2010	6	25	3	9	2010
DAY	2010	6	26	4	9	2010
DAY	2010	6	27	5	9	2010
DAY	2010	6	28	6	9	2010
DAY	2010	6	29	7	9	2010
DAY	2010	6	30	8	9	2010
MONTH	2010	7	8	0	Wood	female	Bird
DAY	2010	7	1	9	9	2010
DAY	2010	7	2	10	9	2010
DAY	2010	7	3	11	9	2010
DAY	2010	7	4	12	9	2010
DAY	2010	7	5	13	9	2010
DAY	2010	7	7	14	9	2010
DAY	2010	7	8	15	9	2010
DAY	2010	7	9	16	9	2010
DAY	2010	7	9	17	9	2010
DAY	2010	7	10	18	9	2010
DAY	2010	7	11	19	9	2010
DAY	2010	7	12	20	9	2010
DAY	2010	7	13	21	9	2010
DAY	2010	7	14	22	9	2010
DAY	2010	7	15	23	9	2010
DAY	2010	7	16	24	9	2010
DAY	2010	7	17	25	9	2010
DAY	2010	7	18	26	9	2010
DAY	2010	7	19	27	9	2010
DAY	2010	7	20	28	9	2010
DAY	2010	7	21	29	9	2010
DAY	2010	7	22	30	9	2010
DAY	2010	7	23	1	10	2010
DAY	2010	7	24	2	10	2010
DAY	2010	7	25	3	10	2010
DAY	2010	7	26	4	10	2010
DAY	2010	7	27	5	10	2010
DAY	2010	7	29	6	10	2010
DAY	2010	7	30	7	10	2010
MONTH	2010	8	9	0	Fire	male	Dog
DAY	2010	8	1	8	10	2010
DAY	2010	8	2	9	10	2010
DAY	2010	8	3	10	10	2010
DAY	2010	8	4	11	10	2010
DAY	2010	8	5	12	10	2010
DAY	2010	8	6	13	10	2010
DAY	2010	8	7	14	10	2010
DAY	2010	8	8	15	10	2010
DAY	2010	8	9	16	10	2010
DAY	2010	8	10	17	10	2010
DAY	2010	8	11	18	10	2010
DAY	2010	8	12	19	10	2010
DAY	2010	8	13	20	10	2010
DAY	2010	8	14	21	10	2010
DAY	2010	8	14	22	10	2010
DAY	2010	8	15	23	10	2010
DAY	2010	8	16	24	10	2010
DAY	2010	8	17	25	10	2010
DAY	2010	8	18	26	10	2010
DAY	2010	8	19	27	10	2010
DAY	2010	8	20	28	10	2010
DAY	2010	8	21	29	10	2010
DAY	2010	8	23	30	10	2010
DAY	2010	8	24	31	10	2010
DAY	2010	8	25	1	11	2010
DAY	2010	8	26	2	11	2010
DAY	2010	8	27	3	11	2010
DAY	2010	8	28	4	11	2010
DAY	2010	8	29	5	11	2010
DAY	2010	8	30	6	11	2010
MONTH	2010	9	10	0	Fire	female	Pig
DAY	2010	9	1	7	11	2010
DAY	2010	9	2	8	11	2010
DAY	2010	9	3	9	11	2010
DAY	2010	9	4	10	11	2010
DAY	2010	9	5	11	11	2010
DAY	2010	9	6	12	11	2010
DAY	2010	9	7	13	11	2010
DAY	2010	9	8	14	11	2010
DAY	2010	9	9	15	11	2010
DAY	2010	9	10	16	11	2010
DAY	2010	9	11	17	11	2010
DAY	2010	9	12	18	11	2010
DAY	2010	9	13	19	11	2010
DAY	2010	9	14	20	11	2010
DAY	2010	9	15	21	11	2010
DAY	2010	9	16	22	11	2010
DAY	2010	9	17	23	11	2010
DAY	2010	9	18	24	11	2010
DAY	2010	9	19	25	11	2010
DAY	2010	9	20	26	11	2010
DAY	2010	9	21	27	11	2010
DAY	2010	9	22	28	11	2010
DAY	2010	9	23	29	11	2010
DAY	2010	9	24	30	11	2010
DAY	2010	9	25	1	12	2010
DAY	2010	9	27	2	12	2010
DAY	2010	9	28	3	12	2010
DAY	2010	9	29	4	12	2010
DAY	2010	9	30	5	12	2010
MONTH	2010	10	11	0	Water	male	Mouse
DAY	2010	10	1	6	12	2010
DAY	2010	10	2	7	12	2010
DAY	2010	10	3	8	12	2010
DAY	2010	10	4	9	12	2010
DAY	2010	10	5	10	12	2010
DAY	2010	10	6	11	12	2010
DAY	2010	10	7	12	12	2010
DAY	2010	10	7	13	12	2010
DAY	2010	10	8	14	12	2010
DAY	2010	10	9	15	12	2010
DAY	2010	10	10	16	12	2010
DAY	2010	10	11	17	12	2010
DAY	2010	10	12	18	12	2010
DAY	2010	10	13	19	12	2010
DAY	2010	10	14	20	12	2010
DAY	2010	10	15	21	12	2010
DAY	2010	10	16	22	12	2010
DAY	2010	10	17	23	12	2010
DAY	2010	10	18	24	12	2010
DAY	2010	10	19	25	12	2010
DAY	2010	10	20	26	12	2010
DAY	2010	10	22	27	12	2010
DAY	2010	10	23	28	12	2010
DAY	2010	10	24	29	12	2010
DAY	2010	10	25	30	12	2010
DAY	2010	10	26	31	12	2010
DAY	2010	10	27	1	1	2011
DAY	2010	10	28	2	1	2011
DAY	2010	10	29	3	1	2011
DAY	2010	10	30	4	1	2011
MONTH	2010	11	12	0	Water	female	Ox
DAY	2010	11	1	5	1	2011
DAY	2010	11	2	6	1	2011
DAY	2010	11	3	7	1	2011
DAY	2010	11	4	8	1	2011
DAY	2010	11	5	9	1	2011
DAY	2010	11	6	10	1	2011
DAY	2010	11	7	11	1	2011
DAY	2010	11	8	12	1	2011
DAY	2010	11	9	13	1	2011
DAY	2010	11	10	14	1	2011
DAY	2010	11	10	15	1	2011
DAY	2010	11	11	16	1	2011
DAY	2010	11	12	17	1	2011
DAY	2010	11	13	18	1	2011
DAY	2010	11	15	19	1	2011
DAY	2010	11	16	20	1	2011
DAY	2010	11	17	21	1	2011
DAY	2010	11	18	22	1	2011
DAY	2010	11	19	23	1	2011
DAY	2010	11	20	24	1	2011
DAY	2010	11	21	25	1	2011
DAY	2010	11	22	26	1	2011
DAY	2010	11	23	27	1	2011
DAY	2010	11	24	28	1	2011
DAY	2010	11	25	29	1	2011
DAY	2010	11	26	30	1	2011
DAY	2010	11	27	31	1	2011
DAY	2010	11	28	1	2	2011
DAY	2010	11	29	2	2	2011
DAY	2010	11	30	3	2	2011
MONTH	2012	0	1	0	Water	male	Tiger
DAY	2012	0	1	24	1	2012
DAY	2012	0	2	25	1	2012
DAY	2012	0	3	26	1	2012
DAY	2012	0	4	27	1	2012
DAY	2012	0	5	28	1	2012
DAY	2012	0	6	29	1	2012
DAY	2012	0	7	30	1	2012
DAY	2012	0	8	31	1	2012
DAY	2012	0	9	1	2	2012
DAY	2012	0	10	2	2	2012
DAY	2012	0	11	3	2	2012
DAY	2012	0	12	4	2	2012
DAY	2012	0	13	5	2	2012
DAY	2012	0	14	6	2	2012
DAY	2012	0	15	7	2	2012
DAY	2012	0	16	8	2	2012
DAY	2012	0	17	9	2	2012
DAY	2012	0	18	10	2	2012
DAY	2012	0	19	11	2	2012
DAY	2012	0	20	12	2	2012
DAY	2012	0	21	13	2	2012
DAY	2012	0	22	14	2	2012
DAY	2012	0	23	15	2	2012
DAY	2012	0	24	16	2	2012
DAY	2012	0	25	17	2	2012
DAY	2012	0	26	18	2	2012
DAY	2012	0	28	19	2	2012
DAY	2012	0	29	20	2	2012
DAY	2012	0	30	21	2	2012
MONTH	2012	1	2	0	Water	female	Rabbit
DAY	2012	1	1	22	2	2012
DAY	2012	1	1	23	2	2012
DAY	2012	1	2	24	2	2012
DAY	2012	1	3	25	2	2012
DAY	2012	1	4	26	2	2012
DAY	2012	1	5	27	2	2012
DAY	2012	1	6	28	2	2012
DAY	2012	1	7	29	2	2012
DAY	2012	1	8	1	3	2012
DAY	2012	1	9	2	3	2012
DAY	2012	1	10	3	3	2012
DAY	2012	1	11	4	3	2012
DAY	2012	1	12	5	3	2012
DAY	2012	1	13	6	3	2012
DAY	2012	1	14	7	3	2012
DAY	2012	1	15	8	3	2012
DAY	2012	1	16	9	3	2012
DAY	2012	1	17	10	3	2012
DAY	2012	1	18	11	3	2012
DAY	2012	1	19	12	3	2012
DAY	2012	1	21	13	3	2012
DAY	2012	1	22	14	3	2012
DAY	2012	1	23	15	3	2012
DAY	2012	1	24	16	3	2012
DAY	2012	1	25	17	3	2012
DAY	2012	1	26	18	3	2012
DAY	2012	1	27	19	3	2012
DAY	2012	1	28	20	3	2012
DAY	2012	1	29	21	3	2012
DAY	2012	1	30	22	3	2012
MONTH	2012	2	3	0	Wood	male	Dragon
DAY	2012	2	1	23	3	2012
DAY	2012	2	2	24	3	2012
DAY	2012	2	3	25	3	2012
DAY	2012	2	4	26	3	2012
DAY	2012	2	5	27	3	2012
DAY	2012	2	6	28	3	2012
DAY	2012	2	6	29	3	2012
DAY	2012	2	7	30	3	2012
DAY	2012	2	8	31	3	2012
DAY	2012	2	9	1	4	2012
DAY	2012	2	10	2	4	2012
DAY	2012	2	11	3	4	2012
DAY	2012	2	12	4	4	2012
DAY	2012	2	13	5	4	2012
DAY	2012	2	15	6	4	2012
DAY	2012	2	16	7	4	2012
DAY	2012	2	17	8	4	2012
DAY	2012	2	18	9	4	2012
DAY	2012	2	19	10	4	2012
DAY	2012	2	20	11	4	2012
DAY	2012	2	21	12	4	2012
DAY	2012	2	22	13	4	2012
DAY	2012	2	23	14	4	2012
DAY	2012	2	24	15	4	2012
DAY	2012	2	25	16	4	2012
DAY	2012	2	26	17	4	2012
DAY	2012	2	27	18	4	2012
DAY	2012	2	28	19	4	2012
DAY	2012	2	29	20	4	2012
DAY	2012	2	30	21	4	2012
MONTH	2012	3	3	1	Wood	male	Dragon
DAY	2012	3	1	22	4	2012
DAY	2012	3	2	23	4	2012
DAY	2012	3	3	24	4	2012
DAY	2012	3	4	25	4	2012
DAY	2012	3	5	26	4	2012
DAY	2012	3	6	27	4	2012
DAY	2012	3	7	28	4	2012
DAY	2012	3	8	29	4	2012
DAY	2012	3	9	30	4	2012
DAY	2012	3	10	1	5	2012
DAY	2012	3	11	2	5	2012
DAY	2012	3	12	3	5	2012
DAY	2012	3	13	4	5	2012
DAY	2012	3	14	5	5	2012
DAY	2012	3	15	6	5	2012
DAY	2012	3	16	7	5	2012
DAY	2012	3	17	8	5	2012
DAY	2012	3	19	9	5	2012
DAY	2012	3	20	10	5	2012
DAY	2012	3	21	11	5	2012
DAY	2012	3	22	12	5	2012
DAY	2012	3	23	13	5	2012
DAY	2012	3	24	14	5	2012
DAY	2012	3	25	15	5	2012
DAY	2012	3	26	16	5	2012
DAY	2012	3	27	17	5	2012
DAY	2012	3	28	18	5	2012
DAY	2012	3	29	19	5	2012
DAY	2012	3	30	20	5	2012
DAY	2012	3	30	21	5	2012
MONTH	2012	4	4	0	Wood	female	Snake
DAY	2012	4	1	22	5	2012
DAY	2012	4	2	23	5	2012
DAY	2012	4	3	24	5	2012
DAY	2012	4	4	25	5	2012
DAY	2012	4	5	26	5	2012
DAY	2012	4	6	27	5	2012
DAY	2012	4	7	28	5	2012
DAY	2012	4	8	29	5	2012
DAY	2012	4	9	30	5	2012
DAY	2012	4	10	31	5	2012
DAY	2012	4	12	1	6	2012
DAY	2012	4	13	2	6	2012
DAY	2012	4	14	3	6	2012
DAY	2012	4	15	4	6	2012
DAY	2012	4	16	5	6	2012
DAY	2012	4	17	6	6	2012
DAY	2012	4	18	7	6	2012
DAY	2012	4	19	8	6	2012
DAY	2012	4	20	9	6	2012
DAY	2012	4	21	10	6	2012
DAY	2012	4	22	11	6	2012
DAY	2012	4	23	12	6	2012
DAY	2012	4	24	13	6	2012
DAY	2012	4	25	14	6	2012
DAY	2012	4	26	15	6	2012
DAY	2012	4	27	16	6	2012
DAY	2012	4	28	17	6	2012
DAY	2012	4	29	18	6	2012
DAY	2012	4	30	19	6	2012
MONTH	2012	5	5	0	Fire	male	Horse
DAY	2012	5	1	20	6	2012
DAY	2012	5	2	21	6	2012
DAY	2012	5	3	22	6	2012
DAY	2012	5	4	23	6	2012
DAY	2012	5	5	24	6	2012
DAY	2012	5	6	25	6	2012
DAY	2012	5	7	26	6	2012
DAY	2012	5	8	27	6	2012
DAY	2012	5	9	28	6	2012
DAY	2012	5	10	29	6	2012
DAY	2012	5	11	30	6	2012
DAY	2012	5	12	1	7	2012
DAY	2012	5	14	2	7	2012
DAY	2012	5	15	3	7	2012
DAY	2012	5	16	4	7	2012
DAY	2012	5	17	5	7	2012
DAY	2012	5	18	6	7	2012
DAY	2012	5	19	7	7	2012
DAY	2012	5	20	8	7	2012
DAY	2012	5	21	9	7	2012
DAY	2012	5	22	10	7	2012
DAY	2012	5	23	11	7	2012
DAY	2012	5	24	12	7	2012
DAY	2012	5	25	13	7	2012
DAY	2012	5	26	14	7	2012
DAY	2012	5	27	15	7	2012
DAY	2012	5	27	16	7	2012
DAY	2012	5	28	17	7	2012
DAY	2012	5	29	18	7	2012
DAY	2012	5	30	19	7	2012
MONTH	2012	6	6	0	Fire	female	Sheep
DAY	2012	6	1	20	7	2012
DAY	2012	6	2	21	7	2012
DAY	2012	6	3	22	7	2012
DAY	2012	6	4	23	7	2012
DAY	2012	6	5	24	7	2012
DAY	2012	6	7	25	7	2012
DAY	2012	6	8	26	7	2012
DAY	2012	6	9	27	7	2012
DAY	2012	6	10	28	7	2012
DAY	2012	6	11	29	7	2012
DAY	2012	6	12	30	7	2012
DAY	2012	6	13	31	7	2012
DAY	2012	6	14	1	8	2012
DAY	2012	6	15	2	8	2012
DAY	2012	6	16	3	8	2012
DAY	2012	6	17	4	8	2012
DAY	2012	6	18	5	8	2012
DAY	2012	6	19	6	8	2012
DAY	2012	6	20	7	8	2012
DAY	2012	6	21	8	8	2012
DAY	2012	6	22	9	8	2012
DAY	2012	6	23	10	8	2012
DAY	2012	6	24	11	8	2012
DAY	2012	6	25	12	8	2012
DAY	2012	6	26	13	8	2012
DAY	2012	6	27	14	8	2012
DAY	2012	6	28	15	8	2012
DAY	2012	6	29	16	8	2012
DAY	2012	6	30	17	8	2012
MONTH	2012	7	7	0	Earth	male	Monkey
DAY	2012	7	1	18	8	2012
DAY	2012	7	2	19	8	2012
DAY	2012	7	3	20	8	2012
DAY	2012	7	4	21	8	2012
DAY	2012	7	5	22	8	2012
DAY	2012	7	6	23	8	2012
DAY	2012	7	7	24	8	2012
DAY	2012	7	8	25	8	2012
DAY	2012	7	10	26	8	2012
DAY	2012	7	11	27	8	2012
DAY	2012	7	12	28	8	2012
DAY	2012	7	13	29	8	2012
DAY	2012	7	14	30	8	2012
DAY	2012	7	15	31	8	2012
DAY	2012	7	16	1	9	2012
DAY	2012	7	17	2	9	2012
DAY	2012	7	18	3	9	2012
DAY	2012	7	19	4	9	2012
DAY	2012	7	20	5	9	2012
DAY	2012	7	21	6	9	2012
DAY	2012	7	22	7	9	2012
DAY	2012	7	23	8	9	2012
DAY	2012	7	23	9	9	2012
DAY	2012	7	24	10	9	2012
DAY	2012	7	25	11	9	2012
DAY	2012	7	26	12	9	2012
DAY	2012	7	27	13	9	2012
DAY	2012	7	28	14	9	2012
DAY	2012	7	29	15	9	2012
DAY	2012	7	30	16	9	2012
MONTH	2012	8	8	0	Earth	female	Bird
DAY	2012	8	1	17	9	2012
DAY	2012	8	3	18	9	2012
DAY	2012	8	4	19	9	2012
DAY	2012	8	5	20	9	2012
DAY	2012	8	6	21	9	2012
DAY	2012	8	7	22	9	2012
DAY	2012	8	8	23	9	2012
DAY	2012	8	9	24	9	2012
DAY	2012	8	10	25	9	2012
DAY	2012	8	11	26	9	2012
DAY	2012	8	12	27	9	2012
DAY	2012	8	13	28	9	2012
DAY	2012	8	14	29	9	2012
DAY	2012	8	15	30	9	2012
DAY	2012	8	16	1	10	2012
DAY	2012	8	17	2	10	2012
DAY	2012	8	18	3	10	2012
DAY	2012	8	19	4	10	2012
DAY	2012	8	20	5	10	2012
DAY	2012	8	21	6	10	2012
DAY	2012	8	22	7	10	2012
DAY	2012	8	23	8	10	2012
DAY	2012	8	24	9	10	2012
DAY	2012	8	25	10	10	2012
DAY	2012	8	26	11	10	2012
DAY	2012	8	27	12	10	2012
DAY	2012	8	28	13	10	2012
DAY	2012	8	29	14	10	2012
DAY	2012	8	30	15	10	2012
MONTH	2012	9	9	0	Iron	male	Dog
DAY	2012	9	1	16	10	2012
DAY	2012	9	2	17	10	2012
DAY	2012	9	3	18	10	2012
DAY	2012	9	4	19	10	2012
DAY	2012	9	5	20	10	2012
DAY	2012	9	7	21	10	2012
DAY	2012	9	8	22	10	2012
DAY	2012	9	9	23	10	2012
DAY	2012	9	10	24	10	2012
DAY	2012	9	11	25	10	2012
DAY	2012	9	12	26	10	2012
DAY	2012	9	13	27	10	2012
DAY	2012	9	14	28	10	2012
DAY	2012	9	15	29	10	2012
DAY	2012	9	16	30	10	2012
DAY	2012	9	17	31	10	2012
DAY	2012	9	17	1	11	2012
DAY	2012	9	18	2	11	2012
DAY	2012	9	19	3	11	2012
DAY	2012	9	20	4	11	2012
DAY	2012	9	21	5	11	2012
DAY	2012	9	22	6	11	2012
DAY	2012	9	23	7	11	2012
DAY	2012	9	24	8	11	2012
DAY	2012	9	25	9	11	2012
DAY	2012	9	26	10	11	2012
DAY	2012	9	27	11	11	2012
DAY	2012	9	28	12	11	2012
DAY	2012	9	29	13	11	2012
MONTH	2012	10	10	0	Iron	female	Pig
DAY	2012	10	1	14	11	2012
DAY	2012	10	2	15	11	2012
DAY	2012	10	3	16	11	2012
DAY	2012	10	4	17	11	2012
DAY	2012	10	5	18	11	2012
DAY	2012	10	6	19	11	2012
DAY	2012	10	7	20	11	2012
DAY	2012	10	8	21	11	2012
DAY	2012	10	9	22	11	2012
DAY	2012	10	10	23	11	2012
DAY	2012	10	11	24	11	2012
DAY	2012	10	12	25	11	2012
DAY	2012	10	13	26	11	2012
DAY	2012	10	14	27	11	2012
DAY	2012	10	15	28	11	2012
DAY	2012	10	16	29	11	2012
DAY	2012	10	17	30	11	2012
DAY	2012	10	18	1	12	2012
DAY	2012	10	19	2	12	2012
DAY	2012	10	20	3	12	2012
DAY	2012	10	21	4	12	2012
DAY	2012	10	22	5	12	2012
DAY	2012	10	23	6	12	2012
DAY	2012	10	24	7	12	2012
DAY	2012	10	25	8	12	2012
DAY	2012	10	26	9	12	2012
DAY	2012	10	27	10	12	2012
DAY	2012	10	28	11	12	2012
DAY	2012	10	29	12	12	2012
DAY	2012	10	30	13	12	2012
MONTH	2012	11	11	0	Wood	male	Mouse
DAY	2012	11	1	14	12	2012
DAY	2012	11	2	15	12	2012
DAY	2012	11	3	16	12	2012
DAY	2012	11	4	17	12	2012
DAY	2012	11	6	18	12	2012
DAY	2012	11	7	19	12	2012
DAY	2012	11	8	20	12	2012
DAY	2012	11	9	21	12	2012
DAY	2012	11	9	22	12	2012
DAY	2012	11	10	23	12	2012
DAY	2012	11	11	24	12	2012
DAY	2012	11	12	25	12	2012
DAY	2012	11	13	26	12	2012
DAY	2012	11	14	27	12	2012
DAY	2012	11	15	28	12	2012
DAY	2012	11	16	29	12	2012
DAY	2012	11	17	30	12	2012
DAY	2012	11	18	31	12	2012
DAY	2012	11	19	1	1	2013
DAY	2012	11	20	2	1	2013
DAY	2012	11	21	3	1	2013
DAY	2012	11	22	4	1	2013
DAY	2012	11	23	5	1	2013
DAY	2012	11	24	6	1	2013
DAY	2012	11	25	7	1	2013
DAY	2012	11	26	8	1	2013
DAY	2012	11	27	9	1	2013
DAY	2012	11	28	10	1	2013
DAY	2012	11	30	11	1	2013
MONTH	2012	12	12	0	Wood	female	Ox
DAY	2012	12	1	12	1	2013
DAY	2012	12	2	13	1	2013
DAY	2012	12	3	14	1	2013
DAY	2012	12	4	15	1	2013
DAY	2012	12	5	16	1	2013
DAY	2012	12	6	17	1	2013
DAY	2012	12	7	18	1	2013
DAY	2012	12	8	19	1	2013
DAY	2012	12	9	20	1	2013
DAY	2012	12	10	21	1	2013
DAY	2012	12	11	22	1	2013
DAY	2012	12	12	23	1	2013
DAY	2012	12	12	24	1	2013
DAY	2012	12	13	25	1	2013
DAY	2012	12	14	26	1	2013
DAY	2012	12	15	27	1	2013
DAY	2012	12	16	28	1	2013
DAY	2012	12	17	29	1	2013
DAY	2012	12	18	30	1	2013
DAY	2012	12	19	31	1	2013
DAY	2012	12	20	1	2	2013
DAY	2012	12	21	2	2	2013
DAY	2012	12	22	3	2	2013
DAY	2012	12	24	4	2	2013
DAY	2012	12	25	5	2	2013
DAY	2012	12	26	6	2	2013
DAY	2012	12	27	7	2	2013
DAY	2012	12	28	8	2	2013
DAY	2012	12	29	9	2	2013
DAY	2012	12	30	10	2	2013
