1	'dul ba gzhi/
2	so sor thar ba'i mdo/
3	'dul ba rnam par 'byed pa/
4	dge slong ma'i so sor thar ba'i mdo/
5	dge slong ma'i 'dul ba rnam par 'byed pa/
6	'dul ba phran tshegs kyi gzhi/
7	'dul ba gzhung bla ma/
8	'dul ba gzhung dam pa/
9	shes rab kyi pha rol tu phyin pa stong phrag brgya pa/
10	shes rab kyi pha rol tu phyin pa stong phrag nyi shu lnga pa/
11	'phags pa shes rab kyi pha rol tu phyin pa brgyad stong pa/
12	'phags pa shes rab kyi pha rol tu phyin pa khri brgyad stong pa zhes bya ba theg pa chen po'i mdo/
13	'phags pa shes rab kyi pha rol tu phyin pa khri pa zhes bya ba theg pa chen po'i mdo/
14	'phags pa rab kyi rtsal gyis rnam par gnon pas zhus pa shes rab kyi pha rol tu phyin pa bstan pa/
15	'phags pa shes rab kyi pha rol tu phyin pa bdun brgya pa zhes bya ba theg pa chen po'i mdo/
16	'phags pa shes rab kyi pha rol tu phyin pa lnga brgya pa/
17	'phags pa shes rab kyi pha rol tu phyin pa sdud pa tshigs su bcad pa/
18	'phags pa shes rab kyi pha rol tu phyin pa rdo rje gcod pa zhes bya ba theg pa chen po'i mdo/
19	'phags pa shes rab kyi pha rol tu phyin pa'i tshul brgya lnga bcu pa/
20	'phags pa shes rab kyi pha rol tu phyin pa'i mtshan brgya rtsa brgyad pa/
21	'phags pa bcom ldan 'das ma shes rab kyi pha rol tu phyin pa lnga bcu pa/
22	bcom ldan 'das ma shes rab kyi pha rol tu phyin ma de bzhin gshegs pa thams cad kyi yum yi ge gcig ma zhes bya ba/
23	'phags pa shes rab kyi pha rol tu phyin pa ko'u shi ka zhes bya ba/
24	'phags pa shes rab kyi pha rol tu phyin pa yi ge nyung ngu zhes bya ba'i theg pa chen po'i mdo/
25	'phags pa shes rab kyi pha rol tu phyin pa'i sgo nyi shu rtsa lnga pa zhes bya ba theg pa chen po'i mdo/
26	'phags pa bcom ldan 'das ma shes rab kyi pha rol tu phyin pa'i snying po/
27	'phags pa shes rab kyi pha rol tu phyin pa nyi ma'i snying po'i theg pa chen po'i mdo/
28	'phags pa zla ba'i snying po shes rab kyi pha rol tu phyin pa theg pa chen po'i mdo/
29	'phags pa shes rab kyi pha rol tu phyin pa kun tu bzang po theg pa chen po'i mdo/
30	'phags pa shes rab kyi pha rol tu phyin pa lag na rdo rje'i mdo theg pa chen po/
31	'phags pa shes rab kyi pha rol tu phyin pa rdo rje rgyal mtshan gyi mdo theg pa chen po/
32	chos kyi 'khor lo rab tu bskor ba'i mdo/
33	skyes pa rabs kyi gleng gzhi/
34	lcang lo can gyi pho brang gi mdo/
35	'dus pa chen po'i mdo/
36	byams pa'i mdo/
37	byams pa bsgom pa'i mdo/
38	bslab pa lnga'i phan yon gyi mdo/
39	ri'i kun dga' bo'i mdo/
40	klu'i rgyal po dga' bo nyer dga' 'dul ba'i mdo/
41	'od srung chen po'i mdo/
42	nyi ma'i mdo/
43	zla ba'i mdo/
44	bkra shis chen po'i mdo/
45	sdom pa gsum bstan pa'i le'u zhes bya ba theg pa chen po'i mdo/
46	'phags pa sgo mtha' yas pa rnam par sbyong ba bstan pa zhes bya ba theg pa chen po'i mdo/
47	'phags pa de bzhin gshegs pa'i gsang ba bsam gyis mi khyab pa bstan pa zhes bya ba theg pa chen po'i mdo/
48	'phags pa rmi lam bstan pa zhes bya ba theg pa chen po'i mdo/
49	'phags pa 'od dpag med kyi bkod pa zhes bya ba theg pa chen po'i mdo/
50	'phags pa de bzhin gshegs pa mi 'khrugs pa'i bkod pa zhes bya ba theg pa chen po'i mdo/
51	'phags pa go cha'i bkod pa bstan pa zhes bya ba theg pa chen po'i mdo/
52	'phags pa chos kyi dbyings kyi rang bzhin dbyer med pa bstan pa zhes bya ba theg pa chen po'i mdo/
53	'phags pa chos bcu pa zhes bya ba theg pa chen po'i mdo/
54	'phags pa kun nas sgo'i le'u zhes bya ba theg pa chen po'i mdo/
55	'phags pa 'od zer kun du bkye ba bstan pa zhes bya ba theg pa chen po'i mdo/
56	'phags pa byang chub sems dpa'i sde snod ces bya ba theg pa chen po'i mdo/
57	'phags pa tshe dang ldan pa dga' bo mngal du 'jug pa bstan pa zhes bya ba theg pa chen po'i mdo/
58	'phags pa dga' bo la mngal na gnas pa bstan pa zhes bya ba thed pa chen po'i mdo/
59	'phags pa 'jam dpal gyi sangs rgyas kyi zhing gi yon tan bkod pa zhes bya ba theg pa chen po'i mdo/
60	'phags pa yab dang sras mjal ba zhes/
61	'phags pa gang pos zhus pa zhes bya ba theg pa chen po'i mdo/
62	'phags pa yul 'khor skyong gis zhus pa zhes bya ba theg pa chen po'i mdo/
63	'phags pa drag shul can gyis zhus pa zhes bya ba theg pa chen po'i mdo/
64	'phags pa glog thob kyis zhus pa zhes bya ba theg pa chen po'i mdo/
65	sgyu ma mkhan bzang po lung bstan pa zhes bya ba theg pa chen po'i mdo/
66	'phags pa cho 'phrul chen po bstan pa zhes bya ba theg pa chen po'i mdo/
67	'phags pa byams pa'i seng ge'i sgra chen po zhes bya ba theg pa chen po'i mdo/
68	'phags pa 'dul ba rnam par gtan la dbab pa nye bar 'khor gyis zhus pa zhes bya ba theg pa chen po'i mdo/
69	'phags pa lhag pa'i bsam pa bskul ba zhes bya ba theg pa chen po'i mdo/
70	'phags pa lag bzangs kyis zhus pa zhes bya ba theg pa chen po'i mdo/
71	'phags pa nges pas zhus pa zhes bya ba theg pa chen po'i mdo/
72	'phags pa khyim bdag dpal byin gyis zhus pa zhes bya ba theg pa chen po'i mdo/
73	'phags pa bad sa'i rgyal po 'char byed kyis zhus pa zhes bya ba'i le'u/
74	'phags pa bu mo blo gros bzang mos zhus pa zhes bya ba theg pa chen po'i mdo/
75	'phags pa gang+gA'i mchog gis zhus pa zhes bya ba theg pa chen po'i mdo/
76	'phags pa mya ngan med kyis byin pa lung bstan pa zhes bya ba theg pa chen po'i mdo/
77	'phags pa dri ma med kyis byin pas zhus pa zhes bya ba theg pa chen po'i mdo/
78	'phags pa yon tan rin po che me tog kun tu rgyas pas zhus pa zhes bya ba theg pa chen po'i mdo/
79	'phags pa sangs rgyas kyi yul bsam gyis mi khyab pa bstan pa zhes bya ba theg pa chen po'i mdo/
80	'phags pa lha'i bu blo gros rab gnas kyis zhus pa zhes bya ba theg pa chen po'i mdo/
81	'phags pa seng ges zhus pa zhes bya ba theg pa chen po'i mdo/
82	'phags pa sangs rgyas thams cad kyi gsang chen thabs la mkhas pa byang chub sems dpa' ye shes dam pas zhus pa'i le'u zhes bya ba theg pa chen po'i mdo/
83	'phags pa tshong dpon bzang skyong gyis zhus pa zhes bya ba theg pa chen po'i mdo/
84	bu mo rnam dag dad pas zhus pa zhes bya ba theg pa chen po'i mdo/
85	'phags pa byams pas zhus pa zhes bya ba theg pa chen po'i mdo/
86	'phags pa byams pas zhus pa zhes bya ba theg pa chen po'i mdo/
87	'phags pa 'od srung gi le'u zhes bya ba theg pa chen po'i mdo/
88	'phags pa rin po che'i phung bo zhes bya ba theg pa chen po'i mdo/
89	'phags pa blo gros mi zad pas zhus pa zhes bya ba theg pa chen po'i mdo/
90	'phags pa shes rab kyi pha rol tu phyin pa bdun brgya pa zhes bya ba theg pa chen po'i mdo/
91	'phags pa gtsug na rin po ches zhus pa zhes bya ba theg pa chen po'i mdo/
92	'phags pa lha mo dpal 'phreng gi seng ge'i sgra zhes bya ba theg pa chen po'i mdo/
93	'phags pa drang srong rgyas pas zhus pa zhes bya ba theg pa chen po'i mdo/
94	'phags pa sangs rgyas phal po che zhes bya ba shin tu rgyas pa chen po'i mdo/
95	'phags pa bskal pa bzang po pa zhes bya ba theg pa chen po'i mdo/
96	'phags pa rgya cher rol pa zhes bya ba theg pa chen po'i mdo/
97	'phags pa 'jam dpal rnam par rol pa zhes bya ba theg pa chen po'i mdo/
98	'phags pa 'jam dpal rnam par 'phrul pa'i le'u zhes bya ba theg pa chen po'i mdo/
99	'phags pa de bzhin gshegs pa thams cad kyi byin gyi rlabs sems can la gzigs shing sangs rgyas kyi zhing gi bkod pa kun tu ston pa zhes bya ba theg pa chen po'i mdo/
100	'phags pa dkon mchog ta la la'i gzungs zhes bya ba theg pa chen po'i mdo/
101	de bzhin gshegs pa'i mtshan brgya rtsa brgyad pa/
102	'phags pa bcom ldan 'das kyi ye shes rgyas pa'i mdo sde rin po che mtha' yas pa mthar phyin pa zhes bya ba theg pa chen po'i mdo/
103	'phags pa sangs rgyas thams cad kyi yul la 'jug pa'i ye shes snang ba'i rgyan ces bya ba theg pa chen po'i mdo/
104	'phags pa dge ba'i rtsa ba yongs su 'dzin pa zhes bya ba theg pa chen po'i mdo/
105	'phags pa zung gi mdo'i chos kyi rnam grangs/
106	'phags pa khye'u snang ba bsam gyis mi khyab pas bstan pa zhes bya ba'i chos kyi rnam grangs/
107	'phags pa de bzhin gshegs pa rnams kyi sangs rgyas kyi zhing gi yon tan brjod pa'i chos kyi rnam grangs/
108	'phags pa dkyil 'khor brgyad pa zhes bya ba'i chos kyi rnam grangs theg pa chen po'i mdo/
109	'phags pa dgongs pa nges par 'grel pa zhes bya ba theg pa chen po'i mdo/
110	'phags pa lang+kar gshegs pa'i theg pa chen po'i mdo/
111	'phags pa lang kar gshegs pa rin po che'i mdo las sangs rgyas thams cad kyi gsung gi snying po zhes bya ba'i le'u/
112	'phags pa ga yA mgo'i ri zhes bya ba theg pa chen po'i mdo/
113	'phags pa rgyan stug po bkod pa zhes bya ba theg pa cen po'i mdo/
114	'phags pa snying rje chen po'i pad+ma dkar po zhes bya ba theg pa chen po'i mdo/
115	'phags pa snying rje pad+ma dkar po zhes bya ba theg pa chen po'i mdo/
116	dam pa'i chos pad+ma dkar po zhes bya ba theg pa chen po'i mdo/
117	'phags pa chos thams cad kyi yon tan bkod pa'i rgyal po zhes bya ba theg pa chen po'i mdo/
118	'phags pa bde ba can gyi bkod pa zhes bya ba theg pa chen po'i mdo/
119	'phags pa za ma tog bkod pa zhes bya ba theg pa chen po'i mdo/
120	'phags pa dkon mchog gi za ma tog ces bya ba theg pa chen po'i mdo/
121	'phags pa rin po che'i mtha' zhes bya ba theg pa chen po'i mdo/
122	'phags pa yongs su mya ngan las 'das pa chen po theg pa chen po'i mdo/
123	'phags pa yongs su mya ngan las 'das pa chen po'i mdo/
124	'phags pa 'da' kha ye shes zhes bya ba theg pa chen po'i mdo/
125	sangs rgyas kyi mdzod kyi chos kyi yi ge
126	'phags pa dkon mchog 'byung gnas zhes bya ba theg pa chen po'i mdo/
127	'phags pa gser gyi mdo zhes bya ba theg pa chen po'i mdo/
128	'phags pa gser gyi bye ma lta bu zhes bya ba theg pa chen po'i mdo/
129	'phags pa chos thams cad kyi rang bzhin mnyam pa nyid rnam par spros pa ting nge 'dzin gyi rgyal po zhes bya ba theg pa chen po'i mdo/
130	'phags pa chos nyid rang gi ngo bo stong pa nyid las mi g.yo bar tha dad par thams cad la snang ba'i mdo/
131	'phags pa rab tu zhi ba rnam par nges pa'i cho 'phrul gyi ting nge 'dzin zhes bya ba theg pa chen po'i mdo/
132	'phags pa sgyu ma lta bu'i ting nge 'dzin ces bya ba theg pa chen po'i mdo/
133	'phags pa de bzhin gshegs pa'i ye shes kyi phyag rgya'i ting nge 'dzin ces bya ba theg pa chen po'i mdo/
134	'phags pa dpa' bar 'gro ba'i ting nge 'dzin ces bya ba theg pa chen po'i mdo/
135	'phags pa da ltar gyi sangs rgyas mngon sum du bzhugs pa'i ting nge 'dzin ces bya ba theg pa chen po'i mdo/
136	'phags pa bsod nams thams cad bsdus pa'i ting nge 'dzin ces bya ba theg pa chen po'i mdo/
137	'phags pa khye'u bzhi'i ting nge 'dzin ces bya ba theg pa chen po'i mdo/
138	rdo rje'i ting nge 'dzin gyi chos kyi yi ge
139	'phags pa ting nge 'dzin mchog dam pa/
140	'phags pa 'dus pa chen po rin po che tog gi gzungs zhes bya ba theg pa chen po'i mdo/
141	'phags pa rdo rje'i snying po'i gzungs zhes bya ba theg pa chen po'i mdo/
142	'phags pa sgo mtha' yas pa sgrub pa zhes bya ba'i gzungs/
143	'phags pa sgo drug pa zhes bya ba'i gzungs/
144	'phags pa rnam par mi rtog par 'jug pa zhes bya ba'i gzungs/
145	tshigs su bcad pa gnyis pa'i gzungs/
146	'phags pa theg pa chen po la dad pa rab tu sgom pa zhes bya ba theg pa chen po'i mdo/
147	'phags pa byang chub sems dpa'i spyod yul gyi thabs kyi yul la rnam par 'phrul ba bstan pa zhes bya ba theg pa chen po'i mdo/
148	'phags pa de bzhin gshegs pa'i snying rje chen po nges par bstan pa zhes bya ba thag pa chen po'i mdo/
149	'phags pa nam mkha'i mdzod kyis zhus pa zhes bya ba theg pa chen po'i mdo/
150	'phags pa byams pas zhus pa zhes bya ba theg pa chen po'i mdo/
151	'phags pa spyan ras gzigs dbang phyug gis zhus pa chos bdun pa zhes bya ba theg pa chen po'i mdo/
152	'phags pa spobs pa'i blo gros kyis zhus pa zhes bya ba theg pa chen po'i mdo/
153	'phags pa blo gros rgya mtshos zhus ba zhes bya ba theg pa chen po'i mdo/
154	'phags pa klu'i rgyal po rgya mtshos zhus pa zhes bya ba theg pa chen po'i mdo/
155	'phags pa klu'i rgyal po rgya mtshos zhus pa zhes bya ba theg pa chen po'i mdo/
156	'phags pa klu'i rgyal po rgya mtshos zhus pa zhes bya ba theg pa chen po'i mdo/
157	'phags pa klu'i rgyal po ma dros pas zhus pa zhes bya ba theg pa chan po'i mdo/
158	'phags pa mi 'am ci'i rgyal po sdong pos zhus pa zhes bya ba theg pa chen po'i mdo/
159	'phags pa tshangs pas zhus pa zhes bya ba theg pa chen po'i mdo/
160	'phags pa tshangs pas byin gyis zhus pa zhes bya ba theg pa chen po'i mdo/
161	'phags pa tshangs pa khyad par sems kyis zhus pa zhes bya ba theg pa chen po'i mdo/
162	'phags pa lha'i bu rab rtsal sems kyis zhus pa zhes bya ba theg pa chen po'i mdo/
163	'phags pa dpal dbyig gis zhus pa zhes bya ba theg pa chen po'i mdo/
164	'phags pa rin chen dra ba can gyis zhus pa zhes bya ba theg pa chan po'i mdo/
165	'phags pa rin chen zla bas zhus pa zhes bya ba theg pa chen po'i mdo/
166	'phags pa bde byed kyis zhus pa zhes bya ba theg pa chen po'i mdo/
167	'phags pa yul 'khor skyong gis zhus pa zhes bya ba theg pa chen po'i mdo/
168	'phags pa rnam par 'phrul pa'i rgyal pos zhus pa zhes bya ba theg pa chen po'i mdo/
169	dri ma med pa'i 'od kyis zhus pa/
170	'phags pa theg pa chen po'i man ngag ces bya ba theg pa chen po'i mdo/
171	'phags pa bram ze mo dpal ldan mas zhus pa zhes bya ba theg pa chen po'i mdo/
172	'phags pa bgres mos zhus pa zhes bya ba theg pa chen po'i mdo/
173	'phags pa 'jam dpal gyis dris pa zhes bya ba theg pa chen po'i mdo/
174	'phags pa bdag med pa dris pa zhes bya ba theg pa chen po'i mdo/
175	'phags pa 'jig rten 'dzin gyis yongs su dris pa zhes bya ba'i mdo/
176	'phags pa blo gros mi zad pas bstan pa zhes bya ba theg pa chen po'i mdo/
177	'phags pa dri ma med par grags pas bstan pa zhes bya ba theg pa chen po'i mdo/
178	'phags pa 'jam dpal gyis bstan ba zhes bya ba theg pa chen po'i mdo/
179	'phags pa byang chub kyi phyogs bstan pa zhes bya ba theg pa chen po'i mdo/
180	'phags pa kun rdzob dang don dam pa'i bden pa bstan pa zhes bya ba theg pa chen po'i mdo/
181	'phags pa chos thams cad 'byung ba med par bstan pa zhes bya ba theg pa chen po'i mdo/
182	'phags pa pha rol tu phyin pa lnga bstan pa zhes bya ba theg pa chen po'i mdo/
183	'phags pa sbyin pa'i pha rol tu phyin pa zhes bya ba theg pa chen po'i mdo/
184	'phags pa sbyin pa'i phan yon bstan pa/
185	'phags pa byang chub sems dpa'i spyod pa bstan pa zhes bya ba theg pa chen po'i mdo/
186	'phags pa de bzhin gshegs pa'i yon tan dang ye shes bsam gyis mi khyab pa'i yul la 'jug pa bstan pa zhes bya ba theg pa chen po'i mdo/
187	'phags pa sangs rgyas kyi stobs skyed pa'i cho 'phrul rnam par 'phrul ba bstan pa zhes bya ba theg pa chen po'i mdo/
188	'phags pa sangs rgyas kyi chos bsam gyis mi khyab pa bstan pa/
189	'phags pa mar me mdzad kyis lung bstan pa zhes bya ba theg pa chen po'i mdo/
190	'phags pa tshangs pa'i dpal lung bstan pa zhes bya ba theg pa chen po'i mdo/
191	'phags pa bud med 'gyur ba lung bstan pa zhes bya ba theg pa chen po'i mdo/
192	'phags pa bu mo zla mchog lung bstan pa zhes bya ba theg pa chen po'i mdo/
193	'phags pa bde ldan ma lung bstan pa zhes bya ba theg pa cen po'i mdo/
194	'phags pa lha mo chen mo dpal lung bstan pa/
195	'phags pa rgyal ba'i blo gros zhes bya ba theg pa chen po'i mdo/
196	'phags pa spyan ras gzigs zhes bya ba theg pa chen po'i mdo/
197	'phags pa 'jam dpal gnas pa zhes bya ba theg pa chen po'i mdo/
198	'phags pa bdud rtsi brjod pa zhes bya ba theg pa chen po'i mdo/
199	'phags pa byams pa 'jug pa zhes bya ba theg pa chen po'i mdo/
200	'phags pa byang chub sems dpa' byams pa dga' ldan gnam du skye ba blangs po'i mdo/
201	'phags pa 'jig rten gyi rjes su 'thun par 'jug pa zhes bya ba theg pa chen po'i mdo/
202	'phags pa dad pa'i stobs bskyed pa la 'jug pa'i phyag rgya zhes bya ba theg pa chen po'i mdo/
203	'phags pa nges pa dang ma nges par 'gro ba'i phyag rgya la 'jug pa zhes bya ba theg pa chen po'i mdo/
204	'phags pa chos kyi phyag rgya zhes bya ba theg pa chen po'i mdo/
205	'phags pa mar me 'bul ba zhes bya ba theg pa chen po'i mdo/
206	'phags pa grong khyer gyis 'tsho ba zhes bya ba theg pa chen po'i mdo/
207	zas kyis 'tsho ba rnam par dag pa zhes bya ba theg pa chen po'i mdo/
208	glang po'i rtsal zhes bya ba theg pa chen po'i mdo/
209	'phags pa sgra chen po zhes bya ba theg pa chen po'i mdo/
210	'phags pa seng ge'i sgra bsgrags pa zhes bya ba theg pa chen po'i mdo/
211	'phags pa sA lu'i ljang ba zhes bya ba theg pa chen po'i mdo/
212	rten cing 'brel bar 'byung ba dang po dang rnam par dbye ba bstan pa zhes bya ba'i mdo/
213	'phags pa rten cing 'brel bar 'byung ba zhes bya ba theg pa chen po'i mdo/
