rank	corpus_freq	phonetic_gmr	wylie	hgm_gloss
1	6483	kyang	kyang	but; as well; and yet; nonetheless; however; though; although; too; even if; moreover; instead though; absolutely; even 
2	4022	tamche	thams cad	every; all; every single; each and every; every form of; each of these; every one of; every ... every; any; every sort; 
3	3416	mayin	ma yin	not; are not; they are not; is not; is not this way; it's no; cannot; which is not; doesn't; never; would not be; it's n
4	3306	shing	zhing	paradise; world (in rnam dag zhing: the Pure World)
5	2732	yinpay	yin pa'i	which are
6	2579	sangye	sangs rgyas	Buddha; Buddhahood (contextually)
7	2269	rang gi	rang gi	my; your; their own; one's own; her own; that you own; my ... my; his; my own; i; its; their; you and i have taken; its 
8	2253	rangshin	rang bzhin	the basic nature; natural; basic nature; in its very essence; particular; is made of; nature; natures; nature of their o
9	2217	jangchub	byang chub	enlightenment
10	2208	lasok	la sogs	and the like; or such; and the rest; including; and such
11	2206	dedak	de dag	ones; them; this; these; such; they; certain; s; those; they--these; some; these ... them; the number of the different t
12	2190	mepa	med pa	's not; no; having no; lost; there would be nothing; without; has no; never; not; have none; lack of any; are not; what 
13	2185	deshin	de bzhin	just so; the very same process then occurs; another; is just as; the same as; same; just the same; as well; thus; same p
14	2125	dangpo	dang po	the former; the first; beginning; first; begin; first step; the firs; very beginning; the first part; at first; the firs
15	2095	nying	snying	heart; hearts; heart in their breast
16	2068	detar	de ltar	thus; all this; in this way; so; this is how; and the same; this; this kind of; above we spoke of; the same thing; on; r
17	2049	yinpay chir	yin pa'i phyir	for ... whereas; was; this is because; they do fit; there are; for it is; it is a; for they are first of all; as; for th
18	2021	ching	cing	and; or else; ,; .; ing; already; while; someday; even where; :; the one; they; who would; but; or; before
19	2001	doje	rdo rje	diamond
20	1985	semchen	sems can	sentient beings; living beings; being; someone; person; beings; living being; sentient being; living kind; living creatu
21	1979	de la	de la	now; for the kind of; here; here then; kinds; that consisting of; into; towards them; where again; then; of this; be sai
22	1930	mepar	med par	without; no longer; free of; is not; devoid of; no longer exists; have no; could never; is not something that exists; th
23	1899	shin du	bzhin du	proper behavior
24	1801	nelnjor	rnal 'byor	the practice; practice; practitioners; practitioner; high practitioner; person engaged in deep practice; deep practice
25	1784	nampar	rnam par	forming; careful; finished; total; altogether
26	1617	nyipa	gnyis pa	secondly; second section; here next; the second; second; next; latter; consist of two; the second part; second point; in
27	1600	dungel	sdug bsngal	suffering; sufferings
28	1596	jawa	bya ba	to accomplish; should; performing deeds; activities; to engage; task; must be; has to; the activities; make; do; commiss
29	1531	kyepar	khyad par	details; attributes; difference; especially; distinction; differences; specific characteristics; detail; in particular; 
30	1518	chenpo	chen po	the great; well; great; major; greater; fierce; vast; total; most; immense; major instance; overwhelming; "major" instan
31	1500	tsennyi	mtshan nyid	definition; defining characteristics; nature; the definition; definitive characteristics; attribute; definitive; attribu
32	1492	chuchen	chos can	consider now; consider; example; object; things that exhibit the quality; subject; let's consider; consider ... consider
33	1434	yinpar	yin par	are
34	1429	lama	bla ma	lama; Lama
35	1409	jikten	'jig rten	world; world's; realms; planet; life; the world; one in the world; those in the world; everyday life; worlds; general be
36	1409	sungpa	gsungs pa	spoke; spoken; says; texts; state; described; quoting; it is stated; mentioned; have said; are taught in scripture; as w
37	1392	yupa	yod pa	is; be; is had; present; be had; with; occurrences; are; have; who are; there are; comes; had; has; lies; consisted; liv
38	1357	ngupo	dngos po	things; functional things; functioning thing; thing; working things; something; something that functioned; functional ob
39	1351	yinpa	yin pa	is; as; are; it does ... is; was; it's ... it's; is ... is; represent; be; appears; would be; are ... are; are they; has
40	1331	yeshe	ye shes	wisdom
41	1327	kyewa	skye ba	births; lives; form; growing; their births; gain it; be present; developing; to develop; gain; formation; birth; the bir
42	1273	yangdak	yang dag	correctly; correct; yangdak; pure; reality
43	1267	de yang	de yang	though; we may begin with; moreover; and; having thus explained; when; at the; by the way; those; then; for example; so 
44	1265	ngowo	ngo bo	nature; basic nature; materials; essence; the way; its very nature; essentially; very essence; basic object; very nature
45	1249	jitar	ji ltar	what; finally; how; how to; how could; how can; why is it then that; just like; why; how could it ever be; how can they;
46	1239	madrup	ma grub	mistaken; does not exist; do not; not true; is not; or not; does not hold true; did not exist; do not exist; it's not tr
47	1223	tabu	lta bu	this kind of; as though; this way; as; the same; like; resemble; similar; the shape of; a case of; are the size of; an e
48	1221	yinno	yin no	:; are
49	1215	yinpe	yin pas	does; is; it is
50	1128	gangsak	gang zag	persons; person; the person; type of person; people; the type of person; another; individual; beings; normal person; ind
51	1114	de ni	de ni	when; and then; these; that this; it is the one; them's; it is stated; this; this is the one that's; this position; in t
52	1101	denyi	de nyid	reality (in de nyid rtogs pa'i shes rab); thusness; this very / just such (pronominal use)
53	1095	dangnden	dang ldan	gain; have; find; do possess; maintaining; possess; with; have the ability; was possessed of; has; posseses; linked with
54	1073	yin te	yin te	they are; it is; this is
55	1070	dangche	dang bcas	their; along with their; also have; have; with; is colored by; also; come with; linked
56	1067	chomnden	bcom ldan	victorious one; victor
57	1065	dewa	bde ba	bliss; state of happiness; happiness; pleasant feeling; great pleasure; to be happy; pleasure; what you want; any kind o
58	1065	she na	zhe na	correct perception
59	1054	parje	par byed	you've
60	1053	deshin shek	de bzhin gshegs	thus gone
61	1052	drebu	'bras bu	effect; a result; goal; rewards; an effect; result; the goal; reward; consequences; fruit; goals; results; consequence; 
62	1052	de ne	de nas	next; the next step; after that; then; followed by; next,; still another; finally; of this; this leads to; at this point
63	1039	nyunmong	nyon mongs	mental afflictions; the mental afflictions; bad thoughts; negative; affliction; mental affliction; afflictions; mentally
64	1037	sokpa	sogs pa	accumulation; and all the other; or the like; the rest"; for example; and so on; like; such as; and the rest
65	1029	lasokpa	la sogs pa	and others of the like; like; and all the rest; or the like; and so on; any; and the like; in other; various; and other 
66	1025	chomnden de	bcom ldan 'das	the transcendent victor; victorious buddha; victor; the conquerors; the victorious ones; lord buddha; conqueror; conquer
67	1017	parja	par bya	far as i am
68	1012	dundam	don dam	ultimate; ultimate truth; the ultimate; ultimate object; ultimate type
69	995	shintu	shin tu	absolutely; high state of; extremely; very; most; totally; overcome [pari ta]; ever so; purest; exceedingly; utterly; es
70	985	rangshin gyi	rang bzhin gyis	through some nature of its own; by nature; nature of their own; any nature of its own; exist by nature; natural; through
71	974	nampa	rnam pa	types; different types; totally; exist with; kinds; forms; them; aspects; these; different kinds; some; point of view; p
72	966	ko na	kho na	only; alone; just; just about; real; one specific; o other way; no other way; but only; one; exactly; no one else; each;
73	960	sheja	zhes bya	every living creature
74	957	tongpa	stong pa	emptiness; completely empty; empty; void; empty of any; devoid of having; absence; devoid; void of any kind of existence
75	939	yong-su	yongs su	very; any; final; completely; totality; in its totality; thoroughly; entire
76	932	druppa	grub pa	can; exist; gained; capable; proven; be established; constitutes; established; has; exists; existence; conclusion; prove
77	930	yu de	yod de	and yet there is,; yet they are--
78	928	chu kyi	chos kyi	authentic
79	901	jangchub sem	byang chub sems	the wish; the wish for enlightenment; bodhisattva; wish to attain enlightenment; wish for enlightenment
80	899	sherab	shes rab	wisdom
81	893	pungpo	phung po	heaps; pile; stack; the heaps; parts of the person; parts; parts of a person; heaps of a person; heaps or parts that mak
82	890	drup na	grub na	if they were to exist
83	882	laten ne	la brten nas	thereby; so much that; this causes; as the; which, when used as; depends upon; the basis of; due to; upon; based upon; b
84	874	go ne	sgo nas	through; by using; with; you use to; going through; that relate; you can use; named; start to engage in; utilizing; by; 
85	872	yinpar tel	yin par thal	do ... then ... ?; they are so; do so; is this then ... ?; are ... saying then that ... belong ... ?; do they then belon
86	872	shepa	zhes pa	It also says
87	870	sumpa	gsum pa	third part; third; three; thirdly; the third; third point; the third section; the third point; third time; third step; t
88	859	drowa	'gro ba	living being(s)
89	853	di la	'di la	concerning this point,; in this regard; our; the present; here; on this point; this; it's; whether; in reference to; in 
90	824	gyurpa	gyur pa	will be; began; has been; become; becomes; becoming; are actually; entering the womb; reaches; are; that which is; serve
91	816	yunten	yon tan	important personal attainment; happiness?; good qualities; wonderful qualities; good quality; fine spiritual qualities; 
92	811	rabjor	rab 'byor	subhuti
93	803	tawa	lta ba	view; correct view (when yang dag pa'i lta ba)
94	792	dangpo ni	dang po ni	here is a description of the first; the first of them; one may begin with; one may begin,; by way of introduction; we tr
95	785	la yang	la yang	as well; as for; it is true; then; even; still; by no less than; although; even just to; also; and
96	780	duma	du ma	many; a great many; a whole variety; very many; great many; great many ways; multiple; many ... many; many kinds of; man
97	771	deta	de lta	relating; this way; this
98	751	yupar	yod par	is; has; there are; have been; to exist; did have; it would be; as; possesses
99	741	yin la	yin la	these are represented; in that there are; which is; confirms; so they are
100	740	jangsem	byang sems	bodhisattva; the wish for enlightenment; bodhisattvas; the bodhisattva vows; wish; a bodhisattva; wish for enlightenment
101	739	lekpar	legs par	very carefully; thoroughly; well; clearly; in an excellent way; careful; to take care of; the way they should; true; wit
102	727	madrup na	ma grub na	if you disagree; if you say it is not; suppose now you disagree
103	717	di ni	'di ni	these; this
104	714	tunmong	thun mong	shared; the ones that are shared; which is shared; collective
105	707	nyong	myong	experience; experiencing; experienced; undergo; does feel; feels; experiences; result; feel
106	706	shung	gzhung	three principal paths
107	701	dakpar	dag par	in an excellent way
108	698	dzinpa	'dzin pa	hold to; holding; take; bringing; grasp; keep; tendency of looking; perceives; idea; concept; tendency to view; focuses 
109	696	tonpa	ston pa	the Teacher
110	691	yenlak	yan lag	necessary components; qualities; ancillary; secondary; components; branches; the branches; part; parts; limbs; various e
111	690	raptu	rab tu	perfectly; strong; perfect; fully; ultimate; ultimate way
112	685	sunam	bsod nams	merit; good deeds; goodness (prayer register)
113	681	nupa	nus pa	capacity?; able; would be able; the power; power; ability; could; force; possible; can; be able to; capable; capacity; b
114	680	kachik	kha cig	some people have said that; a number of; different; others; some people; some; certain; other; someone; suppose someone 
115	679	dun du	don du	to; so i could help; for the sake; to hear; for the sake of; for the purpose; for the purpose of; for the goal that; wit
116	677	de le	de las	this is what's happening; from this; of it; than that of; out of it; these can happen; from; from those; in a way differ
117	676	gel te	gal te	sutra that viradatta requested
118	667	mingyur	mi 'gyur	it could never be referred to; will never; impossible; not occur; can't; could never; never reaches an end; no way
119	664	mitak	mi rtag	impermanence; changing; change
120	659	minu	mi nus	unable; not enable; could never; there's no way; am unable; impossible
121	655	je-su	rjes su	follows; after; continue
122	655	tanye	tha snyad	conventional; the conventional
123	652	tabuy	lta bu'i	look of a; like; 's
124	650	yin na	yin na	if there were; if it were; if; if something were; in this case then; which is; if that's; if something is; suppose
125	648	chiktu	gcig tu	a single; only as one; one and the same; exclusively; as one thing; single
126	646	nyi du	nyid du	same; yourself
127	639	rimpa	rim pa	steps; the order; the steps; step; order; one after the other; stages; practices; respective; respectively
128	635	deshin du	de bzhin du	then must also be; the case is similar for; compared to; just so; the same process; in this same; is the same; in additi
129	633	mayinpa	ma yin pa	is not; they are not; are not; never would be; it is not; were not; neither is; don't; not being; without; do not; somet
130	629	wang gi	dbang gis	out of; due to; by; stems from; because of the force; by the force; by force of; means; through the power of; by virtue 
131	628	shejawa	zhes bya ba	what happens
132	626	dushe	'du shes	images; think; conceive; ideas; conception; thoughts; distinctions; conceiving; conceptualize; discriminate; discriminat
133	604	bumpa	bum pa	vase; water pitcher
134	594	le kyang	las kyang	of all; on this point; in turn; comes too from; than; which states:; includes the lines:; from; beyond all else; also sa
135	592	yangdakpar	yang dag par	right; in an excellent way; properly; pure and correct; purely; perfectly; pure; fully
136	591	dakme	bdag med	no-self; lack of a self; no self-nature
137	589	nyi kyi	gnyis kyi	both
138	589	shekpa	gshegs pa	to pass on; leave; gone; going
139	588	kundzob	kun rdzob	deceptively; deceptive reality; deceptive; deceptive type; deceptive truth; the deceptive; deceptive object; deception; 
140	581	gewa	dge ba	goodness; goodness of a deed
141	576	parul	pha rol	other persons; other people; another person; others; other person; life beyond; the next; other; another
142	576	tade	tha dad	separate; different; differing; distinctions; another; distinctly separate
143	575	dey chir	de'i phyir	therefore; thus; as such; this is why; this being the case,; for this reason; for; because; because it is; and so; becau
144	574	deko na	de kho na	thusness; suchness; nature
145	572	usel	'od gsal	clear light
146	568	mayinpar	ma yin par	is not; isn't ... not; without their existence having; without its existence having
147	565	sungso	gsungs so	presented.
148	558	mikpa	dmigs pa	focussing; observe; object; focused; look; perceives; tendency to focus; focus; see; things focused upon; perception; fo
149	558	jetsun	rje btsun	holy; the holy one [maitreya]; maitreya
150	556	tongnyi	stong nyid	emptiness
151	551	dey tse	de'i tshe	during this period; these first; at this point; at this stage; at this particular point; at this particular moment; in s
152	550	jungwa	byung ba	committed; to do the action; developing; taken; commit; arrived; sprang forth; occur; offspring; gave; come out; because
153	549	jedrak	bye brag	distinguished; different; particulars; particular case ... particular reference; some particular; detailed; detailists; 
154	546	ngepar	nges par	definitely; absolutely; absolute certainty; certainly; ascertains correctly; necessarily true; must beyond doubt; true; 
155	544	korlo	'khor lo	all around; wheel; wheel ... wheel; turning of the wheel; dharma; world
156	544	bar du	bar du	during the interim; interim; up to; over a; on up to; between; down to; for the length of; up until; over a period; unti
157	543	lejung	las byung	brought about by; comes from
158	542	damtsik	dam tshig	pledges and vows
159	542	dangchepa	dang bcas pa	and; with; serve as his attendants; includes; along with; come with; 's; possess ... have ... are; from the point of vie
160	542	ngunpar	mngon par	firmly; reach
161	540	gangshik	gang zhig	a person; first of all; secondly; something; who ... who; who; how; what; where; anything; various; things; at all; one;
162	537	ngowo nyi	ngo bo nyid	nature; essence; own nature; natures; nature of its own; self-nature; such nature; quality; things which have any nature
163	534	dangdrel	dang bral	be free of any; be free o; to be torn away from; lost; devoid; without; freed from; free of
164	533	nyingpo	snying po	essence
165	531	dak gi	bdag gi	my; your; myself; my-self's; mine; possession; one's
166	525	nyika	gnyis ka	both; both of us; two; simultaneous; the two; neither; both ... together; both situations; both ... at the same time; bo
167	525	chakgya	phyag rgya	gesture
168	524	de dang	de dang	this; this being; this is; does moreover
169	523	deko na nyi	de kho na nyid	suchness; thusness; themselves; ultimate way; true suchness; very nature
170	523	natsok	sna tshogs	kind; various; various kinds; great variety of different; all different kinds; different types; whole variety; different
171	522	sulwa	gsol ba	appeal; asking; respectfully says
172	522	gyutsen	rgyu mtshan	reasons; reason; because; fact; the fact; logic; reason why; rationale; why; implication; specific reason; reasoning; re
173	518	jangchub sempa	byang chub sems dpa'	bodhisattva; the bodhisattvas; bodhisattvas; "bodhisattva."
174	517	wangpo	dbang po	powers; the powers; power; power ... power ... power; intellectual abilities; intellectual capacity; intellect; king; lo
175	516	dangndenpa	dang ldan pa	come to have; has; person who possesses; has been able to; comes to have; you feel; apply; comes to possess; capacity; t
176	515	je ne	byas nas	could have; did; establish; had done; come to; which takes; in which case; takes; taking; take; do; by taking; to attain
177	511	teng du	steng du	on top; along in; above; upon; standing; on; about; at all; acting as a basis; any case
178	510	gyurway	'gyur ba'i	to arise
179	510	tsema	tshad ma	valid perception; authoritative; valid; authentic; logic; correct methods of perception; valid form of perception; total
180	508	daknyi	bdag nyid	the person himself; combination; itself; nature; anything; very same; themselves; identity; integral part; his
181	508	deshin shekpa	de bzhin gshegs pa	one thus gone; those who have gone that way; one gone thus; ones thus gone; buddha
182	507	chung	cung	small
183	504	uma	dbu ma	middle way; middle-way school; middle way school; madhyamika; middle-way
184	502	tsung	mtshungs	equally; parallel; we could just as well; same; the same; the same thing; just the same; the same as; would be just the 
185	502	ngama	snga ma	before; former; the former method; first reference; what we have just been talking about; earlier; last; previous; above
186	500	tongpa-nyi	stong pa nyid	emptiness
187	493	nyipa ni	gnyis pa ni	next
188	493	tsultrim	tshul khrims	morality; the morality; the morality ... the morality ... the morality; vows; practice of morality; moralities; the prac
189	490	sem kyi	sems kyi	thoughts
190	487	tsokpa	tshogs pa	together; be present together; sum; combination; total; collection; the whole of; composite; come together; various; com
191	486	denpar	bden par	exist truly; true existence; in truth; truly; has some true existence; exist in truth; true; really; real
192	481	loppun	slob dpon	master; the master; the present master [shantideva]; masters
193	476	du-su	dus su	when; at the time; during his time; during the days; time; right times; in the time; at this point; in; time's; timely
194	474	denpa	bden pa	truth; true; exist in truth; true existence; truths; existed in truth; the truths; reality; true thing; real; existed tr
195	474	gang gi	gang gi	e whose; who has; whose; one whose; as what; your; what; which; which of
196	472	de nam	de rnams	the different varieties; such a person; these; them
197	471	dangpo la	dang po la	the first of them consists; in the first; first; the first of these has; the former treats; here is the first; here is t
198	469	tsawa	rtsa ba	root; very root; roots; the very root; principles; very roots; core; store; very foundation; original; original statemen
199	467	semkye	sems bskyed	the Wish; the wish for enlightenment
200	465	shen du	gzhan du	back to the cycle
201	464	ngunsum	mngon sum	directly; see with our own eyes; direct perception; direct; directly perceives
202	461	namshe	rnam shes	consciousness
203	460	smrawa	smra ba	talking; professing; something they said; those who assert; those who profess; teacher; speak; masters of the dharma; sc
204	459	chu nam	chos rnams	what; all ... things that exist; all things; thing; objects; all ... existing objects; things; every existing thing; all
205	459	de de	de de	this
206	458	dampa	dam pa	holy; highest; a holy lama; ultimate; actual; best; matchless
207	457	sungpa tar	gsungs pa ltar	as they are described; are thus described; as found; where they say; thus described
208	456	chungse	cung zad	slightly; has; very smallest; slightest bit; minor; least; brief; some; smallest thing
209	454	nang du	nang du	in; among; into; within; on
210	453	shen yang	gzhan yang	appearance prevents the existence
211	452	per na	dper na	present life
212	446	user	'od zer	ray of light
213	446	ngudrup	dngos grub	pray
214	446	toppa	thob pa	attain; those who have received; to achieve; achieve; complete; have found; achieved; possess; holds; reaching; attainin
215	443	chewa	che ba	inordinate; greatness; great; most prevalent; very; more; size; more important; advanced; larger; most; greater; strong;
216	438	chirul	phyi rol	non-buddhist; outer; external objects; external; outside; outer object; outer objects
217	436	jukpa	'jug pa	get; action; entered; go on; forced; come through; enter; entering; to pass; going into; guide; led; engage; engages; go
218	434	pe na	pas na	because
219	432	gyelpo	rgyal po	king; lord; buddha; kings; emperor
220	431	longchu	longs spyod	possessions; partake; belongings; things they use; property; wealth; material wealth; enjoyments; wealth of material thi
221	431	tar na	ltar na	according to; and then; according; suppose you say it's; even if; can be
222	431	rinpo che	rin po che	precious
223	430	le kyi	las kyi	karmic
224	429	nyangen	mya ngan	grief; state of grief; all grief; distress; feelings of distress; emotions of grief; feelings of grief
225	429	yupay chir	yod pa'i phyir	because there are; we get; since there are; because there does exist; for there does exist
226	427	wang du	dbang du	provides; power; with respect to
227	427	gang la	gang la	for whom; what provides; who; anyone who; what; where is; that ... as; what was; refers to anything which; on what; the 
228	423	tenpay	bstan pa'i	called; where it mentions; demonstrating
229	421	nare	na re	claim; claims that; states that; might come and say; make another claim:; claims; makes the claim that; makes a counterc
230	421	semchen tamche	sems can thams cad	every living being; all living kind; all living creatures; each and every living being; every being; every single living
231	420	kechik	skad cig	moment; moment ... moment; instant; instants; moments; immediately
232	419	geway	dge ba'i	virtuous
233	419	nang gi	nang gi	in; inner; those of the; within; that are parts of their bodies
234	419	rangnyi	rang nyid	yourself; you; him; itself; himself; personal; own nature; one's own
235	416	chen du	can du	with
236	415	gangrung	gang rung	any one or combination; either one; someone; any one or combination of; either; any; or the other; some one; some one of
237	407	gangyin	gang yin	when; whether; what it is; who is it; who is it that; what are ... ?; is it that ... is it that ... ?; what does it mean
238	406	gang yang	gang yang	any; somehow
239	406	dzepa	mdzad pa	written; instituted; composed; establish; perform; does; is being directed to; made; described; refer; makes; has; reach
240	406	na ni	na ni	all
241	406	kyewar	skye bar	growth
242	402	didak	'di dag	these; those living here; the; this; these particular; such and such; they
243	402	sabun	sa bon	seeds; the seed; the seeds; seed; mental seed
244	401	shipa	bzhi pa	third and fourth
245	401	chutam che	chos thams cad	every object which exists; all existing objects; every existing object; every single object which exists; anything; all 
246	401	namka	nam mkha'	sky; space; empty space
247	398	gyur te	'gyur te	would amount to
248	396	rangshin gyi drup	rang bzhin gyis grub	nature of their own; had some nature of their own
249	393	dangndra	dang 'dra	similar; like; similar to
250	393	ngu-su	dngos su	directly; explicitly; the; directly speaking; do; in a direct way; actually; real
251	392	dzokpar	rdzogs par	actually; definitively; total; in its entirety; entirely
252	392	kab-su	skabs su	when; for one thing; in the context; section; here; in the section; days
253	390	selwar	gsal bar	illumined; illuminated; clearly; distinctly; clarity
254	389	dundampar	don dam par	ultimately; in an ultimate way
255	389	treng	phreng	string
256	387	du na	'dod na	accept; if you are interested; if you resolve; if you try to agree; if so; suppose you agree; you agree?; if you should 
257	386	mirung	mi rung	wrong; would be improper; could not; could never be; could never even; something wrong; improper; totally wrong
258	384	kyepar chen	khyad par can	extraordinary; so full of spiritual leisure; more extraordinary; exceptional; very special; a sine qua non; advanced; pa
259	384	ting-ngen-dzin	ting nge 'dzin	concentration; meditative concentration; single-pointed concentration; single- pointed concentration; single-pointed med
260	380	tsowo	gtso bo	principal; main; primarily; major; primary; primal one; most; principal tenet; core; mainly; main point; main thing
261	380	kyebu	skyes bu	people; a person; person; being; practitioners; birth
262	379	dupay	'dod pa'i	vessel of the world; who seeks to; who held
263	378	milam	rmi lam	dream; dreams
264	377	ngepa	nges pa	only; no more and no less; knowledge; absolute certainty; certain; a true understanding; must be; certainty; truly sure;
265	377	gyu la	rgyud la	in their mind; in the stream of his mind; think to; in the mental continuum; mental stream
266	377	ser na	zer na	suppose ... comes and makes the following claim; might make the following claim:; might claim:; comes and makes the foll
267	376	rang la	rang la	to you; me; to us; my
268	372	barja	bar bya	affliction is what keeps
269	371	tendrel	rten 'brel	interdependence; dependent origination (contextual)
270	370	dedak gi	de dag gi	their; these; of them; on the outer side of them; of each of these
271	370	me na	med na	without; have no; if it were the case that ... did not exist; if there were no examples ... that existed; if it were not
272	370	sosor	so sor	each; separate; individually; each one their separate; individual; which comes from the individual; one by one
273	370	tsam du	tsam du	the size of; only; very; alone
274	367	leshen	las gzhan	more than; other than; somewhere else than
275	366	hlenkye	lhan skyes	innate; innate form; natural
276	366	nyewar	nye bar	standing close by; close by
277	365	je na	byas na	you commit this when; and then; suppose now; as; if
278	362	gelwa	'gal ba	against; exclusive of one another; contradict; cannot coexist; completely inconsistent; contradiction; mutually exclusiv
279	362	manam	ma rnams	mothers; your mothers
280	359	jangchub kyi sem	byang chub kyi sems	the wish for enlightenment; the wish
281	359	kyappa	khyab pa	element of necessity; always; necessarily; unquestionable conclusions; must always; necessarily belongs; belongs; must; 
282	356	chir te	phyir te	for
283	355	menngak	man ngag	instruction; personal instruction
284	354	tsam gyi	tsam gyis	by itself; mere act of
285	352	dikpa	sdig pa	wrong; the bad deeds; bad deed; bad deeds; wrong deeds; negative; scorpions; wrong deed; non-virtuous
286	350	konchok	dkon mchog	jewels; three jewels; jewel; gems
287	350	mangpo	mang po	plenty; many; many different; so many; a great number; continual; many ... many; great; great many; lots; a number of
288	349	toppar	thob par	achieve
289	348	gongpa	dgongs pa	thought (honorific)
290	348	yu na	yod na	if there were; if there is; if something exists; if it were; if they did; be; if something displays; once something exis
291	347	gangdak	gang dag	who; that; those who; anyone; which; these different; of the various
292	347	dzokrim	rdzogs rim	good karma
293	346	drenpa	dran pa	concentrating; recollection; mindfulness; awareness; remember; remembering; memory; recall; think; remembers
294	343	rikpa	rig pa	the awareness; awareness; understand; line of reasoning; one's awareness; know; subject-oriented; perception; mind; stat
295	343	nelnjor ma	rnal 'byor ma	contained are advices granted
296	342	dakpa	dag pa	excellent; pure; clear; purity; total accuracy; purify
297	342	marik	ma rig	ignorance
298	341	nyingje	snying rje	compassion
299	339	dring	'bring	medium; moderately; middle-order; medium scope; "medium."; less
300	339	nyi-su	gnyis su	have two different; dichotomy; both
301	337	parul tu	pha rol tu	perfection of wisdom
302	337	rere	re re	every single; every kind; every; every one; each; any particular; each one; one; each for every one; individually; any o
303	336	korway	'khor ba'i	in this cycle of suffering
304	336	lane	la gnas	staying at; staying in; maintain; keeping
305	336	tamche la	thams cad la	of all; in every case; every; all other; all; at all ... at all; ever; every single
306	335	lende	las 'das	beyond
307	335	ne de	nas de	finally
308	335	yupe	yod pas	he mus; with; isn't
309	334	gawa	dga' ba	gladness; being attracted; joyful; like; feeling of gladness; bliss; pleasure; the feeling of bliss; enjoy; happiness
310	334	rang gi tsennyi	rang gi mtshan nyid	exist by definition; definition; definitive characteristics of their own; by definition; nature of existing by definitio
311	332	ngang	ngang	what's happening to them
312	331	kupa	bkod pa	put; including; saying
313	328	mase	ma zad	not just; much less; as well; and that's not all; not only; not only to end; aside; not the only
314	327	lu kyi	lus kyi	should position ones body
315	327	rik kyi	rigs kyi	divided into
316	327	munlam	smon lam	prayer
317	326	dertel	der thal	sound; and this really is the case; this too is a fact; is correct; this certainly is; it is so correct; is also quite t
318	323	malu	ma lus	individual analysis and which
319	322	drelpa	'grel pa	commentarie; commentaries; commentary; the commentary
320	322	makye	ma skyes	not grown; never grow; never taken birth
321	321	nga-gyel	nga rgyal	pride; egotism
322	320	gelong	dge slong	buddhist monk; full monk; monk; monks; full monks
323	320	mang du	mang du	many; more than enough; great variety; great many; more
324	319	top kyi	stobs kyis	by virtue; by; force of; because of
325	318	migu	mi dgos	not necessary; it is not necessary; no need; it is not necessary that; not necessarily; need not; is not the case; neith
326	318	rangshin me	rang bzhin med	nothing has any nature of its own; has no nature of its own; have no nature of their own; have no nature; no nature of i
327	317	jita	ji lta	nature
328	317	gyuma	sgyu ma	illusions; illusion; illusory; magical illusions; illusion created by some magic; magical illusion; magician function; m
329	313	o na	'o na	then; one may begin; now; is it then possible; according to you then; what about; well then; if that's the case; just; w
330	312	takpa	btags pa	nominally; imposed; imposed upon; projected; concept; projections; so-called; project; constructs; applied ... applied; 
331	312	wangkur	dbang bskur	throne
332	312	kelen	khas len	accept; asserted; espouses; accepts; agree; accepting
333	312	mige	mi dge	bad deeds; bad; non-virtues; non-virtuous; non-virtuous deeds; non-virtue; non- virtue
334	311	karpo	dkar po	white; clear
335	308	samten	bsam gtan	meditation; the practice of meditation; concentration; concentration level; concentrations; concentration leve; level; l
336	308	parul tuchin	pha rol tu phyin	perfection of wisdom
337	307	jupa	brjod pa	to say something; call; address; stating; discussing; saying; tell; declares; expound; called; telling; indicate
338	307	mayin te	ma yin te	it is not; not; is not; are not; it doesn't
339	307	mija	mi bya	do not; have no; should not; is not; rather than; should never; neither should
340	307	chaktsel	phyag 'tshal	to bow; I bow
341	305	la na	bla na	something higher ... something higher; above; higher; something higher
342	305	kuntu	kun tu	both; again and again
343	305	mirik	mi rigs	could never be right; mistaken; could never be; incorrect; improper; wrong; mistake; it is incorrect
344	304	ngun du	mngon du	actualized
345	303	bume	bud med	opposite sex; woman; woman's body; women; female
346	303	chinpa	phyin pa	reach; has reached; reaching; to end up
347	302	jikten gyi	'jig rten gyi	worldly; of the world
348	301	mayinpar tel	ma yin par thal	are they then not; isn't it though not true that; isn't it not the case that
349	301	gyatso	rgya mtsho	the ocean; ocean; sea; seas; the sea; the water these seas hold in them; salt sea
350	298	de yi	de yi	lastly
351	296	mitakpa	mi rtag pa	impermanence; impermanent things; changing; impermanent; changing thing; and which is changing; changes
352	296	ngunsum du	mngon sum du	directly; common knowledge; in a direct manner; in a manner direct; direct
353	295	yige	yi ge	letters; document written
354	294	ditar	'di ltar	:; thus; this is how it works; how this works ... is the following; the point is that; so; this
355	294	tsobor	gtso bor	primarily; primary form; chiefly; main thing; primary
356	293	chepay	bcas pa'i	possess
357	293	penyun	phan yon	the benefits; benefit; benefits; great benefits; fine qualities
358	292	kadok	kha dog	color; hues; colors; color)
359	292	matok	ma gtogs	all but; not included; nothing
360	291	du kyi	dus kyi	during the time; at the time; during
361	290	hlenchik	lhan cig	together; contributing; together with
362	289	dechok	bde mchog	Highest Bliss
363	288	draway	'dra ba'i	like; so much like; the kinds of
364	288	lame	bla med	higher than any other; matchless
365	287	la na me	bla na med	matchless; highest
366	287	marpo	dmar po	crimson
367	285	bakchak	bag chags	habits of our suffering past; subtle mental potential for; mental seed; seed; mental propensity; mental seeds; 'mental s
368	285	yu kyang	yod kyang	if so
369	284	duchak	'dod chags	attachment; desire; craving; emotion of liking; desiring
370	284	nepar	gnas par	how it stays
371	284	takpar	rtag par	forever; unchanging
372	283	dangngel	dang 'gal	to contradict; what about; seems to contradict
373	283	nyang	myang	nirvana
374	282	depa	dad pa	true faith; faith; emotion of faith
375	282	mite	mi 'thad	is incorrect; wrong; incorrect; would be incorrect; improper; problem
376	281	metok	me tog	flowers; blossom; flower
377	281	me la	med la	are free of
378	281	mitun	mi mthun	incongruity; something different
379	280	jungway	'byung ba'i	would be able to find; come from
380	280	detabuy	de lta bu'i	these; the; these sorts; we are describing here
381	280	gang du	gang du	where; when; no matter where; the place in which; how; who; in which; which
382	279	doje chang	rdo rje 'chang	the Holder of the Diamond
383	277	wangchuk	dbang phyug	creator being; lord of power; lord; almighty; powerful
384	276	jinlap	byin rlabs	a blessing; blessing
385	276	tartuk	mthar thug	ultimate
386	274	rinchen	rin chen	jewels; jewel; precious things; precious jewels
387	273	tadak	mtha' dag	limitless number; the entire amount; every; entire contents; at all; each and every one; every form of; each and every; 
388	272	na yang	na yang	even; might by some remote chance happen to; when; even if; though; if even; if; but
389	272	tokmar	thog mar	first; at the outset; the start-off; first of all; starts with; at the very start; start-off; from the outset
390	270	dun la	don la	true; actual; actually; incidentally; actual meaning
391	269	pawo	dpa' bo	aryashura; princes
392	268	damngak	gdams ngag	spiritual advices; instructions
393	268	tarpa	thar pa	freedom
394	267	drachom	dgra bcom	state of an enemy destroyer; enemy destroyers; destroying; enemy destroyer
395	267	nekap	gnas skabs	what's happening; temporary; condition; temporal; at this juncture; temporal purpose; states; periods; when; time; perio
396	265	katsel	bka' stsal	spoken; said; stated; spoke ... spoke; made statements
397	264	gashik	'ga' zhig	few; some; certain; particular; only one or two of them; some kinds of; certain number; a number of; while others; some 
398	263	punsum	phun sum	excellent
399	263	sipa	srid pa	cyclic life; life; round; the ripe force of deeds; the birth; the being; types of lives; being; birth; beings; next life
400	262	gyurchik	gyur cig	i wish; may they be; i'll see that they do
401	262	nyur du	myur du	quickly; soon
402	261	yangma	yang ma	never; mother's mother; neither
403	260	taktu	rtag tu	always; total; constantly; all the time
404	259	chik la	gcig la	on the one
405	259	mindu	mi 'dod	want no; does not agree; do not assert; cannot accept
406	258	do le	mdo las	another sutra concurs:; for as sutra states:; as sutra states,; as sutra says; we find the following lines in sutra; sut
407	258	kyewo	skye bo	beings; the one; people; being; individuals; person; persons
408	257	chiy chir	ci'i phyir	why is it; why; how; why ... ?
409	257	shitun	gzhi mthun	wet and flowing
410	257	mayinpay chir	ma yin pa'i phyir	not really; isn't it ... not; nor is it; this is because it is not the case
411	257	tsaway	rtsa ba'i	main; principal; original statement
412	256	choktu	mchog tu	very longest; more supreme; supremely; highest; perfect
413	256	punsum tsok	phun sum tshogs	mean by desire
414	255	denpay	ldan pa'i	with; full
415	254	dutsi	bdud rtsi	nectar essence; nectar; ambrosia
416	254	kyerim	bskyed rim	other
417	254	tabur	lta bur	imagining; like a; like; a kind of
418	252	denndzin	bden 'dzin	tendency to hold things as existing truly; grasping to true existence; grasping to the true existence; tendency to see t
419	252	jung na	byung na	if; suppose you say
420	252	yerme	dbyer med	personal instruction for developing
421	252	tunmong ma	thun mong ma	unique
422	250	chu-nyi	chos nyid	nature; nature of things; very nature; real nature of things; real nature; reality; naturally
423	249	mingel	mi 'gal	no such inconsistency; it is not; no contradiction; not mutually exclusive; no inconsistency
424	246	degang	de gang	what is ... ?; just what; what; can
425	246	nyiyu	gnyis yod	may be divided into two
426	246	dode	mdo sde	collection of sutras; sutras; scriptures; scriptural collection; sutra; groups of sutra; group of sutras; various groups
427	246	tsatung	rtsa ltung	root downfalls; root downfall; root downfall of the vows
428	246	tanye du	tha snyad du	nominally; in a nominal way; nominal; in a normal way
429	245	hlamo	lha mo	praise
430	245	misi	mi srid	impossible; totally impossible; complete impossibility; an impossibility; impossibility; total impossibility; could neve
431	244	jungwar	'byung bar	one may begin
432	244	duje	'du byed	factors; things with causes; thing with a cause; factor; things which are factors; pervasive; other factors; factors)
433	244	nyamlen	nyams len	practices; practice
434	243	nyepa	nyes pa	wrong; harmful); harms; offense; wrong deeds; something wrong; offenses; mistakes; bad deed; such a deed; errors; seriou
435	242	kandro	mkha' 'gro	angel; angels
436	242	nyentu	nyan thos	the listeners; tradition of the listeners; those of the listener way; person of the listener tradition; listener way; li
437	241	dedak ni	de dag ni	those who
438	241	mishe	mi shes	lose this awareness; never know; knew absolutely nothing
439	239	sulwa dep	gsol ba 'debs	the proper supplications; supplications
440	239	kachik na re	kha cig na re	some ... say the following; some ... have made the following argument; someone; some people make the following claim; so
441	239	kyangmi	kyang mi	neither; nor
442	239	shukpa	zhugs pa	entered
443	238	dendra	de 'dra	like these; like; of this type; these kinds of things; like this; this kind; same; this; such
444	238	gendun	dge 'dun	Sangha; the Sangha
445	238	lekye	las skyes	come from
446	238	parchin	phar phyin	perfections; perfection of wisdom; way of the perfections
447	238	tokpar	rtogs par	have realized; realizes; realized
448	236	kunshi	kun gzhi	foundation consciousness; foundation
449	236	minjung	mi 'byung	never come; do not appear; cannot occur; couldn't happen; never occurs; never happen
450	235	makyab	ma khyab	doesn't necessitate; it's not necessarily the case; it doesn't necessarily follow; doesn't mean that it's true in every 
451	235	yi kyi	yid kyi	mind
452	234	lok-su	logs su	separate; isolated
453	234	mikye	mi skye	no one ... is ever born
454	233	data	da lta	and here am i; present times; at the present moment; nowadays; now; current; just; here am i; present
455	233	dangchepay	dang bcas pa'i	involving
456	233	sem tsam	sems tsam	only a part of the mind; mind only; mind-only school
457	232	ledre	las 'bras	deeds and their fruits
458	232	ngapa	lnga pa	the fifth; fifth; fifth type of; five
459	232	lokpar	log par	totally blind; wrong; mistaken
460	232	tamche kyen	thams cad mkhyen	omniscience
461	231	gokpa	'gog pa	stop; put an end; eliminate; refutation; disprove; deny; disproving; denying; denies; deny the possibility that; block; 
462	231	gakpa	dgag pa	missing; refutation; refute; refuting; denies; absence; stop; deny; disproving; denial; disprove; denying
463	231	gyu kyi	rgyud kyi	found in the mental stream
464	230	jikje	'jigs byed	the Frightener
465	230	yewa	dbye ba	a division; division; kinds; divisions; dividing up; divided; different types; dividing; all the different types; differ
466	229	gong du	gong du	prior; before; with the foregoing; above; earlier; just
467	229	lamrim	lam rim	the Steps of the path; the Steps of the path to Buddhahood; the Steps to Buddhahood
468	229	mindra	mi 'dra	dissimilar; variety
469	228	chishik	ci zhig	any; what possible; what; where; how; what ... ?
470	228	gopang	go 'phang	the state; state; he state; level; states
471	228	maong	ma 'ongs	stays
472	227	lensum	lan gsum	three times
473	227	sapa	sa pa	level; stage
474	226	tekchen	theg chen	greater way; teachings of the greater way; the greater way; those of the greater way; higher way; greater way's
475	225	dangpor	dang por	at the beginning; first; at first; originally; in the first place
476	225	de tsam	de tsam	just the same; anything other than; that; worth no more or less; only
477	225	kyepar du	khyad par du	more specifically; infinitely; in particular; especially
478	225	sipay	srid pa'i	circle of suffering life
479	224	ye na	dbye na	it can be divided; can be divided
480	223	nyangde	myang 'das	nirvana; state of nirvana; nirvana)
481	223	semchen nam	sems can rnams	another person; beings; all the beings; living beings
482	223	yi la	yid la	it is true that
483	222	choga	cho ga	ceremony; text for a ceremony; ritual; ceremonies; devotions
484	222	sungrab	gsung rab	high teachings
485	222	mine	mi gnas	does not reside; doesn't reside; does not remain
486	222	nyongwa	myong ba	fluency; enjoying; experience; undergo; experiencer; experiences; experienced; felt; feels; taste; experience); achieve;
487	221	pelnden	dpal ldan	glorious
488	221	nyenpo	gnyen po	antidote; corrective measure; antidotes; apply the appropriate spiritual antidote; corrective state of mind; spiritual a
489	220	chepa	ces pa	the phrase; say; "; text is saying; line; words; exemplified
490	220	kyenpa	mkhyen pa	knowing; state of knowledge; knowledge; understands
491	220	tikle	thig le	drops the great seal
492	219	jinye	ji snyed	all; totality; how many
493	219	ngunpo	sngon po	blue; blueness; color blue
494	219	tsul gyi	tshul gyis	in a way; in; because
495	218	nyampar	mnyam par	equates
496	217	gakja	dgag bya	object we deny; object which we deny; object whose existence we deny; object, whose existence we deny; object that we de
497	217	yidvak	yi dvags	craving spirit; craving spirits; craving spirits [preta]; spirits; insatiable spirit
498	216	la la	la la	some
499	216	tsulshin	tshul bzhin	in the proper way; properly; right way; proper; accurate
500	215	dewar	bde bar	never suffer any pain
501	215	chesung	ces gsungs	has ... composed; it is stated that
502	215	ngepay	nges pa'i	exactly
503	214	kelpa	bskal pa	eons; eon; millions of years
504	213	chashe	cha shas	parts; part; piece; distinct parts; fragments
505	213	ga la	ga la	it's absurd to say; how could; how ... ?
506	213	drong	grong	towns; town
507	213	mupa	mos pa	deep love; joy
508	212	ponya	pho nya	messengers
509	212	nampar she	rnam par shes	have a more general
510	211	jokpa	'jog pa	engaged; ignore; what they mean; established; decides; say; establishes; determines; decide; establish; set forth; defin
511	211	ngensong	ngan song	lower realms; births of misery; lower births
512	211	ngowo nyime	ngo bo nyid med	lack of any nature of their own; lack of a nature; not having any self-nature; lacked any nature of their own; lacks of 
513	210	nyeje	nyes byas	secondary offense; secondary offenses; offense; offenses; commit offense; additional offenses; commit offenses; wrong de
514	210	gyeltsen	rgyal mtshan	banner
515	210	tama	tha ma	end; final; lower-order; the very end; the final; very lowest; last
516	209	sumpo	gsum po	three; the three; these three
517	209	chinang	phyi nang	the inside or the outside; inner and outer; outer and inner things
518	209	tak yang dak	rtags yang dag	quality to be proven
519	208	matak	ma thag	the point just after; just after
520	208	tsorwa	tshor ba	feelings; feeling; act of feeling; craving; experiencing; sensations; identity
521	207	jampel	'jam dpal	emptiness
522	207	drima	dri ma	impurity; impurities; undesirable qualities; stained; stink
523	207	lelok	las log	turn back from; turns back from
524	206	majung	ma byung	not
525	206	kangpa	rkang pa	leg; feet; line; foot; lines
526	206	yume	yod med	those ... and those who are not; relative; does nor does not exist; whether or not there is; whether ... exist ... or no
527	205	dechen	bde chen	beyond all angels paradise
528	203	chompa	bcom pa	destroyer; destroyers; destroy; destroying; smashed
529	203	che du	ched du	for; meant by; in order to; for the sake; for the benefit of
530	203	nyamshak	mnyam gzhag	deep meditation; meditative; state of balanced meditation
531	203	shi-ne	zhi gnas	(shamata, or insight); and
532	202	gu te	dgos te	there is a reason why the first condition must be present:
533	201	shenyen	bshes gnyen	spiritual guide; spiritual friend; spiritual guides; guide
534	201	nyima	nyi ma	sun; sunshine; day
535	201	chir na	phyir na	for; since; due to
536	200	yang na	yang na	finally; still again; you could also say; also; by the way; can also be; you could also answer; else; one may also state
537	200	yidam	yi dam	tutelary deities; great pledge
538	199	wang du je	dbang du byas	follow; restrict ourselves for example; relative to; refer ... to; with reference to; point of view
539	199	kyu kyi	khyod kyis	future lives
540	199	nyam na	snyam na	someone might think
541	198	oktu	'og tu	under; further on; subsequent; later; after
542	198	jangchub sempay	byang chub sems dpa'i	of the bodhisattva
543	198	rimgyi	rim gyis	all in the proper stages; one at a time
544	197	bardo	bar do	intermediate state; between death and rebirth; inbetween; state between death and rebirth
545	197	gangshe na	gang zhe na	what are; someone may raise the following objection; one may ask; one may begin with the following question:; what is; j
546	197	chik gi	gcig gi	single; at once
547	197	yupar tel	yod par thal	this is so
548	196	chudruk	bcu drug	sixteen
549	196	choksum	mchog gsum	three jewels
550	195	tun chok	mthun phyogs	work against the practice
551	195	yulchen	yul can	which takes this form as its object; subject; subject state of mind; subject mind
552	195	serwa	zer ba	authored; tell; when a person can say; so-called ... so-called ... so-called ... so-called ... so-called; claim; to say;
553	194	sangpo	bzang po	good; good fortune; wonderful kind; wonderful; excellent
554	194	suknyen	gzugs brnyan	reflection; image
555	194	soso	so so	each one; various; parts; individual; each
556	193	tsundru	brtson 'grus	efforts; effort; mighty effort; the practice of effort; exert; great efforts in the spiritual life
557	193	lobma	slob ma	student; students
558	193	sindri	zin bris	a record that was made
559	192	chunyi	bcu gnyis	twelve; (twelve
560	192	ne-su	gnas su	that you will be able to; how
561	192	hlakma	lhag ma	remaining; that remaining; final; remainder; residual; the remaining; majority; other; whatever's left over; left; other
562	192	minpa	min pa	without; nor; is not; cannot; no; not as being; can't; was not; not; is no more than; does not; are not; doesn't; do not
563	192	tsawar	rtsa bar	of the root text; conveyed in the root text; says; root text presents; in the root text; root text states
564	191	dechir	de phyir	then; for; for this reason; therefore; thus; as a result
565	191	jitawa	ji lta ba	the way things really are; quality; way; being; actual reality
566	191	kun la	kun la	everybody; everyone; into "everything,"; into everything
567	191	sosoy	so so'i	individual
568	191	sungnjuk	zung 'jug	secret union
569	190	hlakpar	lhag par	with special care; more; strongly ... strong
570	190	kyeche	skye mched	doors of sense; the object of the eye; door of sense; realm; doors of perception; doorway ... through which perceptions 
571	189	dunme	don med	point; meaningless; nothing
572	189	jishin	ji bzhin	as well as; just as; exactly
573	189	gyudre	rgyu 'bras	cause and effect
574	188	drupta	grub mtha'	system; school; tenets; positions; philosophical system; intellectual belief; schools; schools of philosophy
575	188	chir du	phyir du	in order to; since; for no more reason than; to; consists of; in order
576	187	derang	de rang	itself; thing is itself
577	187	nang ne	nang nas	among; up out of; standard division into; with respect to; from the viewpoint; within; those who are
578	187	nyam du sem	snyam du sems	subhuti
579	186	bashik	'ba' zhig	only; restricted here only; all you can; gross example; alone
580	186	un kyang	'on kyang	though; nonetheless; now; however; but
581	186	yabyum	yab yum	man and wife
582	185	ongwa	'ong ba	will come; would be ... would be ... would happen; 've; comes; ripen; happen
583	185	detar na	de ltar na	in this sense; therefore; and so; thus we can say; it is equally true that; and so it is; consider the fact that; as suc
584	185	nyi le	nyid las	none other; itself
585	185	tsam la	tsam la	just; no bigger than; are the size of; down to; in themselves
586	184	barma	bar ma	neutral; to; between; it kept them from; up to; medium-length
587	184	drachompa	dgra bcom pa	enemy destroyer; enemy destroyers; state of an enemy destroyer; destroyer of the foe; foe destroyer; destroying the enem
588	184	gangyinpa	gang yin pa	who are; which is; display; they are; :; all those things which; those things that display; as being; something; anythin
589	184	hlung	lhung	will fall; fall; fell back; dropped
590	183	la na mepa	bla na med pa	matchless; surpassed by none other; unsurpassed
591	183	chunjung	chos 'byung	star
592	183	tentsik	gtan tshigs	proof; element of the reason; logical; reasoning; logical reason; type of logic; various reasons; reasons
593	183	tsang	gtsang	clean; pure
594	183	kap kyi	skabs kyi	when; when we speak of
595	183	shenpa	zhen pa	craving; desire (contextually)
596	182	drukpa	drug pa	the sixth point in our discussion; sixth; six
597	181	korwar	'khor bar	in the circle of suffering life; circle of suffering; in the circle of life; in the circle of birth
598	181	nyunmongpa	nyon mongs pa	mental affliction; mental afflictions; mental-affliction; bad thoughts; mentally afflicted things; mentally afflicted; a
599	180	gangsak gi dak	gang zag gi bdag	person as having some self-nature; self-nature of persons; self-nature to the person; self-nature of a person
600	180	le ni	las ni	as for
601	180	taye	mtha' yas	a limitless number; endless; limitless
602	179	dike	'di skad	here is how; make this claim; say ... the following:; say this; say; answer like this
603	179	dupe	'dod pas	those who wish
604	179	konchok sum	dkon mchog gsum	the Three Jewels
605	178	tsenshi	mtshan gzhi	refers to; refers; thing we refer; refer to; prime example; typical example; prime examples; typical examples; example; 
606	178	trengwa	phreng ba	the string; rows; string
607	178	dzokpay sangye	rdzogs pa'i sangs rgyas	reasoning
608	177	dangndenpay	dang ldan pa'i	full of
609	177	matong	ma mthong	don't seem; prevent him from seeing; hadn't seen any; never see; hadn't seen; didn't see; see
610	177	marme	mar me	lamps; lamp
611	176	punsum tsokpa	phun sum tshogs pa	very highest and most excellent; fulfillments; fulfillment; excellent; good that could ever come; good thing; positions
612	176	namdrang	rnam grangs	equivalent; different; types; beliefs; presentations; different versions; name; same thing; listings; various
613	176	kyewar gyur	skye bar 'gyur	take their birth; take their births; come back; caused by; arise; produces
614	176	ngarshepa	sngar bshad pa	described above; mentioned above; we have given thus far
615	175	yunring	yun ring	far into the future; long period of time
616	174	drawar	'dra bar	as if ... as if; as; along these lines; alike; exactly the same
617	174	kun ne	kun nas	completely; total; very; side; every
618	174	nyangen le de	mya ngan las 'das	passed into nirvana; beyond all grief
619	174	songwa	song ba	passed; living in the; is functioning; so; first; extends; was; way; increases; has; has become; have already
620	174	tsendi	tshe 'di	this present life; over this entire life; this life; present life; those lives; this entire life
621	173	drangme	grangs med	countless; "countless"; without count; "countless."
622	173	shekpay	gshegs pa'i	to leave
623	173	rangrang	rang rang	each one; each
624	172	dewe	de bas	farther still; still; then
625	172	gyatsoy	rgya mtsho'i	of the sea
626	172	gyepay	rgyas pa'i	up to the point
627	171	banyi	ba nyid	sake of every living
628	171	laye na	la dbye na	types
629	171	ngotsar	ngo mtshar	amazing
630	170	gyur na	gyur na	these are; occurrence continue; would ... if; can
631	170	gunpo	mgon po	protector; savior; the protector [nagarjuna]
632	170	pentsun	phan tshun	each other ... each other ... each other; each other; side by side
633	170	separ	zad par	exhaustively; in its entirety; totally ... total; all
634	170	shiwa	zhi ba	shantideva
635	169	gang gi tse	gang gi tshe	at this point; at what point
636	169	lakpa	lag pa	hands; arms; a limb; hand
637	169	nyerlen	nyer len	the material cause; have taken on; material cause; took on
638	169	pongwa	spong ba	prevent; giving up; failing; rejecting; eliminate; refusing; to put a stop; give up doing; avoid; refuting; refute; clar
639	169	tamche du	thams cad du	whatever she does; every situation; wherever; every way
640	168	dangpoy	dang po'i	first
641	168	tong ne	mthong nas	who have seen ... those who have seen ... who have seen; have seen; caught sight
642	168	dzokpay jangchub	rdzogs pa'i byang chub	total enlightenment; total buddhahood
643	168	rungwa	rung ba	something that would be entirely appropriate; right; serve; can; properly be; appropriate
644	168	sabmo	zab mo	profound
645	167	gyurshing	'gyur zhing	would have to
646	167	shendak	gzhan dag	asian classics institute course
647	166	di le	'di las	of this; than that
648	166	delnjor	dal 'byor	leisure and fortune
649	166	timuk	gti mug	ignorance; ignorant
650	166	mange	ma nges	nothing that are fixed; nothing fixed; not have to; not a fixed thing; indefinite; not a definite thing
651	166	gyulu	sgyu lus	anyway this mannequin apparition
652	166	lar yang	slar yang	again; then; left
653	165	chikpa	gcig pa	a single; same; the same; single; one
654	165	tunpar	mthun par	an appropriate way
655	165	rangwang	rang dbang	its power; self-standing; independent; own power; discretion; freedom
656	165	tse na	tshe na	situation; (at which time
657	164	trashi	bkra shis	tashi
658	164	nammin	rnam smin	karmic result; result; ripening; ripen; ripen?; ripens; ripened
659	163	mikshe	mig shes	visual consciousness; visual consciousnesses; consciousness of the eye; eye consciousness; sees
660	162	paktu me	dpag tu med	full verse reads
661	162	kyigo ne	kyi sgo nas	through
662	162	lelokpa	las log pa	objectification of a specific
663	162	sundro	su 'gro	take
664	162	yin kyang	yin kyang	even though
665	162	sinpa	zin pa	feels; to have; having in mind; locked; already; object; having; been; is in the throes
666	161	jukpar	'jug par	engage
667	161	dulja	gdul bya	disciples; follower; disciple; kinds of disciples; us; disciples ... disciples; students
668	160	lojong	blo sbyong	training one's mind
669	160	sung ne	bzung nas	take on; found; taking
670	160	yang yang	yang yang	over and over; over and over again
671	159	katselpa	bka' stsal pa	gave voice to
672	159	lodru	blo gros	wisdom; intellect; understanding
673	159	jipa	byis pa	children; infant; child [non-arya]; child
674	159	dak dang	dag dang	mental link
675	159	nyemik	nyes dmigs	goes wrong; something wrong; be wrong; considering the problems; problems
676	159	tsikche	tshigs bcad	full verse reads
677	158	lappa	bslab pa	training; the code; rules ... must follow; precepts; keep to the code; trainings; followed; teaching; keeping the rules;
678	158	tongpar	stong par	is empty
679	157	jorpa	'byor pa	brought
680	157	nyipo	gnyis po	two; both; two cases; both versions; the two
681	156	dakdzin	bdag 'dzin	grasping to "self"; grasping "self"
682	156	mama	ma ma	sake of every living
683	156	nyung	nyung	small number; short; fewer
684	156	nampar shepa	rnam par shes pa	consciousness; mind; sensed; know; known
685	155	jisi	ji srid	infallible interdependence and emptiness
686	155	mindrawa	mi 'dra ba	different; dissimilar; variety; different permutations; different combinations; differences
687	155	nyugu	myu gu	sprout; sprouts
688	155	tsul du	tshul du	from the fact that they; come to; with; in the sense of
689	155	yupa mayin	yod pa ma yin	does not exist; cease to be; not
690	154	dendrup	bden grub	exist in truth; voidness; existed truly; true existence; exists truly; have true existence; to exist truly; existing rea
691	154	chupa	gcod pa	to cut; stopped short; cut; cutting; exclude; discern; loses; lose; lost; losing
692	154	shenwang	gzhan dbang	it's something very wrong
693	154	chinchi lok	phyin ci log	mistaken impression; mistaken; misconceptions; misconception; mistaken thing; totally mistaken backwards; misperceptions
694	153	jikten gyi kam	'jig rten gyi khams	planet; the great outer vessel
695	153	chu kyi gyel	chos kyi rgyal	king of the dharma
696	153	miong	mi 'ong	won't; unattractive
697	153	nyenrang	nyan rang	listeners and self-made buddhas; listeners and the self-made buddhas; listener and "self-made buddha"; of these two type
698	153	ring du	ring du	long; even longer; spent a good deal of time
699	153	shedang	zhe sdang	dislike
700	152	barje	bar byas	planets
701	152	dampay chu	dam pa'i chos	the holy dharma; teachings
702	152	lekshe	legs bshad	excellent explanation; eloquence
703	152	dzokpa	rdzogs pa	complete; end; completion; fully; total; totally; satisfies entirely; fulfill; completed; carrying out
704	152	tseme	tshad med	without measure; immeasurable; no correct perception
705	152	shupa	zhus pa	tilopa
706	151	ten la	rten la	state of meditation called
707	151	yiche	yid ches	believe; believes
708	150	tamel	tha mal	normal
709	149	dangngelwa	dang 'gal ba	overstepping; contradicts
710	149	dechiy chir	de ci'i phyir	subhuti
711	149	she ne	shes nas	knowing; come to learn; understand; could perceive; recall; born from knowledge
712	149	tukje	thugs rje	compassion
713	148	deke	de skad	in the following words; we; that says
714	148	dunchik	don gcig	the following all refer to the same thing:; same common goal
715	148	ludrub	klu sgrub	nagarjuna
716	148	ngu ne	ngos nas	situation; through; on their side; on its side; from its own side; from its side; on their own side; point of view
717	148	rangrik	rang rig	self-perception of the mind; n of the mind; self- perception of the mind
718	148	gyude	rgyud sde	creation which is exemplified
719	148	tsupa	rtsod pa	arguments; argument; debate; the argument; contention; argue; argues; rebuttal; to make the argument; quarrel; quarrelin
720	148	kyunme	skyon med	and yet it does not; there is no problem; no contradiction; there is no such problem; no problem; and yet there is no su
721	148	chendrang	spyan drangs	dissolves into the corresponding
722	148	tsendiy	tshe 'di'i	in this life; present
723	147	chenyin	can yin	has
724	147	rakpa	rags pa	the grosser one; gross kinds; gross
725	146	deta bu	de lta bu	this kind; particular; like this; of this kind; this type; like; cases; in this sort of case
726	146	shitunpa	gzhi mthun pa	objects which are both
727	146	kamsum	khams gsum	all three realms; three different realms; three realms
728	145	druppa me	grub pa med	no achieving
729	145	rangrang gi	rang rang gi	each one of them; their own separate; each; each being's; each of
730	145	rik kyi bu	rigs kyi bu	o child of noble family
731	145	sempa	sems pa	thinking; movement of the mind; thoughts; mental movement; movement of the ... mind; thinking about; think; mind; any mo
732	145	drubje	sgrub byed	proofs; proving; proof; establish; thing you are using to prove your statement; established; achieving; reach; practices
733	145	tsam yang	tsam yang	even
734	144	tramo	phra mo	subtle; microscopic; microscopic ... little
735	144	namtok	rnam rtog	state of mind; ideas; conceptions; impression
736	144	shingta	shing rta	wagon; oxcart; innovators; innovator
737	144	le du	slad du	thus
738	143	bumo	bu mo	daughter
739	143	chi yang	ci yang	totally; anything; at all; and
740	143	migewa	mi dge ba	non-virtuous; non-virtues; non-virtue; non- virtue; not virtuous; non-virtuous deeds
741	142	shendun	gzhan don	benefit
742	142	te-tsom	the tshom	unresolved doubts; doubt; uncertainty; suspecting
743	142	yangrung	yang rung	whether
744	141	cheja	ces bya	speak; we say of them; say ... say; speak of them as; "; say
745	141	mingyur ro	mi 'gyur ro	appearance prevents the existence
746	141	rangshen	rang gzhan	oneself nor another; itself and other; oneself and others
747	141	nelnjorpa	rnal 'byor pa	practitioners; high practitioners; serious practitioner; high practitioner
748	141	dungel gyi	sdug bsngal gyi	pain
749	141	tubwang	thub dbang	Lord of the Able
750	140	matop	ma thob	yet to reach
751	140	jarwa	sbyar ba	make; stuck; applied; distinctions; bridging; mixed; continue
752	139	jamyang	'jam dbyangs	Gentle Voice
753	139	jaway chir	bya ba'i phyir	in order to; so
754	139	jepapo	byed pa po	someone; person; being who created; creator; maker; prime creator; person who committed; one who made; one who commits
755	139	chu kyi dak	chos kyi bdag	self-nature to objects
756	139	tarchin	mthar phyin	to its perfection; completion; perfection
757	139	tsenma	mtshan ma	symbolic points; typical features; that which exhibits the typical features; exhibits the typical features; characterist
758	139	gyachen	rgya chen	wealthy
759	138	pelcher	phal cher	most of them; for the most part; majority of; on the whole; most of; vast majority; great majority; majority of schools;
760	138	nampar min	rnam par smin	also ripens into something
761	137	dakchak	bdag cag	us; our
762	137	gangyinpa de	gang yin pa de	those things which; them to be; as being; that thing which is; is something that; this kind of; those things that; that 
763	137	lendepa	las 'das pa	pass beyond; beyond; gone ... beyond
764	137	lupa	lus pa	every single
765	137	gyache	rgya che	vastness
766	137	namdak	rnam dag	pure; totally pure
767	137	tsechik	rtse gcig	single-pointed meditation
768	136	che na	ce na	someone may ask; one may ask; one may pose still another question:; someone might object; ?; one then might ask again:; 
769	136	dangdrelwa	dang bral ba	losing; gets free of; never a single; freed as well from; anything but; ridding themselves; free of; lost; depart and le
770	136	sangngak	gsang sngags	teachings of the secret word; the secret vows; way of the secret word; secret word; secret
771	136	konar	kho nar	only; can only
772	136	rimshin	rim bzhin	in respective order; respective; than the next; stages gradually; respectively
773	136	tokpe	rtog pas	through the process of conceptualization; imagined; conceptualization
774	135	sung te	bzung ste	then; judge
775	135	drung	drung	the base
776	135	sukchen	gzugs can	physical
777	135	madak	ma dag	impure
778	135	kabdir	skabs 'dir	at this point; at this juncture; in this particular instance
779	134	gompe	bsgoms pas	through meditating upon
780	134	jepa yin	byed pa yin	are
781	134	kyechu	khyad chos	characteristics; different parts; different
782	134	minang	mi snang	can't appear
783	134	gosum	sgo gsum	body, speech, or mind; the three doors of expression; three doors of expression; three passageways; three doors
784	134	tokma	thog ma	outset; first; beginning; starting point; being; start; very start
785	133	dunje	don byed	acts for the benefit; perform a function; performing a function; perform the function; working; acts for
786	133	drilbu	dril bu	bell
787	133	dor na	mdor na	to put briefly; we may summarize these points as follows.; we can summarize as follows; to put it briefly; to summarize;
788	133	ngowo nyi kyi	ngo bo nyid kyis	by their very nature; by nature
789	133	sherchin	sher phyin	perfection of wisdom; wisdom perfection
790	132	di nam	'di rnams	these spirits; all these; any of these; they; every; above
791	132	kakpa	bkag pa	denying; disproved; refutation; deny; refuses; disproving; denied; stopped; refutations; refute; refutes; denial
792	132	ngenjung	nges 'byung	renunciation
793	131	drowar	'gro bar	misery
794	131	shepa la	bshad pa la	here we will explain; here now is; explanation
795	131	gongndrel	dgongs 'grel	commentaries which explain the true intent; commentary on the true intent; commentary on the true intent of the sutras; 
796	131	rekja	reg bya	tangibles; feel; sensation; physical sensations
797	131	yang du	yang du	again and again
798	130	jawa dang	bya ba dang	keeping the following rules
799	130	dusum	dus gsum	the past or present or future; all these three times; past, present, and future; three times
800	129	ser gyi	gser gyi	golden
801	129	ji tsam	ji tsam	how much; constantly; it doesn't matter; how long then; no matter; whatever
802	129	ngarshin	sngar bzhin	as before; just the same as ... above; above
803	129	chi dang jedrak	spyi dang bye brag	then finally
804	128	mitun chok	mi mthun phyogs	work against
805	127	je de	byed de	but it can:
806	127	jitawa shin	ji lta ba bzhin	the same as; really are; exactly
807	127	kyamdro	skyabs 'gro	refuge; going for refuge
808	127	kyewa me	skye ba med	never begins
809	126	barwa	'bar ba	hot; blaze
810	126	neluk	gnas lugs	reality; nature of things; state of reality; true nature; real nature of things; nature; way things really are; way thin
811	126	nakpo	nag po	evil; black; dark
812	126	pama	pha ma	father or mother; parents; father and mother; generations; a father or a mother; man or woman
813	125	barche	bar chad	interrupted; no more; obstacles
814	125	damcha	dam bca'	resolution; assertion; position; idea
815	125	sulwa tab	gsol ba btab	asking
816	125	norbu	nor bu	gem; jewels
817	125	penpa	phan pa	help; assistance; to be of benefit; assisting; good; aid; benefit; attitude of wanting to help; helping; being of help
818	125	tamche kyenpa	thams cad mkhyen pa	all-knowing; state of omniscience; omniscient one; omniscience; state of all-knowing
819	125	sakme	zag med	the unstained; pure; stainless; unstained; stainless things; without stain; free of stain; unstained phenomena; untainte
820	124	legya	las rgya	partner of the rite
821	124	marikpa	ma rig pa	ignorance
822	124	melong	me long	mirror
823	124	sawa	za ba	devour; eating; give ... bite; bite
824	123	nampar dak	rnam par dag	purity
825	122	trung	'khrungs	into a person
826	122	damchu	dam chos	the Dharma; the precious Dharma (dam chos rin po che)
827	122	gang gi chir	gang gi phyir	may ask; for the reason; because of; because; for this very reason; for the reason that; reason is that
828	122	ngowo tade	ngo bo tha dad	subsumes the other
829	122	smrepa	smras pa	expressed; say; said; i will tell you; and we answer with the following:; presenting; spoke; spoken
830	121	pakme	dpag med	without measure; measureless; "inestimable"
831	121	sukme	gzugs med	formless; no form; formless realm; formless realms
832	121	chok-su	phyogs su	along the flow; towards
833	121	rewa	re ba	hopes; hope; emotion of hope; hoping; s of hoping that
834	121	gyelse	rgyal sras	sons; sons and daughters of the victorious buddhas; their sons; children of the victors; victors' son; jinaputra; bodhis
835	121	gyun du	rgyun du	continual period
836	121	ngamay	snga ma'i	last; past
837	120	denme	bden med	have no true existence; lack any true existence; void of any true existence; none ... has any true existence; had no tru
838	120	kadrin	bka' drin	kindness
839	120	chechung	che chung	more serious, and those which are less; large and small; relative
840	120	puntsok	phun tshogs	the good things
841	120	rabrib	rab rib	cataract; cataracts
842	120	tusam	thos bsam	learning and contemplation; the processes of learning and contemplation; study and meditation; study and contemplation
843	119	dramse	bram ze	brahmin; brahmin caste; brahmins
844	119	lungten	lung bstan	neutral ethically; foretold; specified
845	119	mashe	ma shes	failed to understand; not perceived
846	119	mangwa	mang ba	plentiful; greater; more; everywhere; lots; many
847	119	pasang	pa sangs	practice should have
848	119	chulam	spyod lam	wherever she goes; live this way of life; acting in ways; does
849	119	tsulshin du	tshul bzhin du	in the proper way; properly; accurate way
850	118	trin le	'phrin las	mighty
851	118	bar gyi	bar gyi	down to; up to; and continue up to; from this
852	118	dunpa	bdun pa	seventh; seven
853	118	jinggu	bying rgod	dullness
854	118	da ni	da ni	right now; now
855	118	detse	de tshe	and then; then
856	118	getsa	dge rtsa	stores of virtue; core of virtues; collected virtue; virtues we have collected; basic virtue; most basic virtues; most b
857	118	mingelwa	mi 'gal ba	not contradict; no contradiction; is no inconsistency; not inconsistent; no inconsistency
858	118	shepar ja	shes par bya	learn; proceed; should consult; understand; should keep in mind; idea; understood; reasoning; distinction
859	118	tongtrak	stong phrag	thousand
860	118	sumchu	sum cu	thirty
861	118	tsendir	tshe 'dir	here in this life
862	117	paktu mepa	dpag tu med pa	infinity; infinite number; immeasurable; beyond all; infinite; "inestimable"
863	117	jitar ja	ji ltar bya	what they did
864	117	kyappa ke	khyab pa khas	doesn't necessarily follow but
865	117	ma kyepa	ma skyes pa	yet to begin; never grow; nothing grows; lack of any growing; no ... ever began; what has not grown; wasn't ever develop
866	117	rangtsen	rang mtshan	definition; examples of things; definitive; things that exist by definition; exists in its own essence
867	117	namtar	rnam thar	beautiful altar with representations
868	117	nuchu	snod bcud	places and the people
869	116	chuku	chos sku	the dharma body
870	116	gawar	dga' bar	commit this when
871	116	lenjung	las 'byung	comes from
872	116	nyampa	nyams pa	degenerated; failure; avoid; decline; you stop; failed; fallen to their current state; inferior; fall; lower; damage; br
873	116	nyishu	nyi shu	twenty; twenty-two
874	115	dangndrawar	dang 'dra bar	the same as
875	115	tummo	gtum mo	inner fire
876	115	rangluk	rang lugs	our own system; our own position; present school
877	115	tennjung	rten 'byung	dependence
878	115	tsawar du na	rtsa bar 'dod na	suppose you agree
879	115	shukdrak	shugs drag	fierce; intensity; deep-felt
880	115	pangpa	spangs pa	causing a person to give up; giving up; cessation; rid; eliminated; eliminates; eliminate; eliminating; avoid; are free 
881	115	teng ne	steng nas	three principal paths
882	115	telwa	thal ba	powder; have to be; would have to be; would be; implying
883	114	deppa	'debs pa	conditions
884	114	powa	'pho ba	migrates
885	114	shipo	bzhi po	one may ask
886	114	chikchar	cig car	come together; in a single stroke; in a single rush; simultaneous; simultaneously; one step; at the same time
887	114	dadung	da dung	and yet; still more; we continue the way we are; still; nonetheless; again; yet still
888	114	drakpo	drag po	intensity; very forceful; strong; fierce
889	114	tongwa	gtong ba	lose; giving up; charity; give away; generosity; gives away
890	114	malupa	ma lus pa	every single one; in their entirety; totality; all; every
891	114	gyacher	rgya cher	to an overwhelming degree; further; more broadly
892	114	sempa chenpo	sems dpa' chen po	great bodhisattvas
893	114	tarndu	thar 'dod	freedom
894	114	timpa	thim pa	diamond body diamond speech
895	113	dir ni	'dir ni	here
896	113	chenmo	chen mo	great; great book
897	113	kedrup	mkhas grub	kedrup; kedrup je
898	113	nesung	nas bzung	begins
899	113	kusung tuk	sku gsung thugs	action of my body, or my speech, or my thoughts
900	113	tsam le	tsam las	each
901	112	dzintang	'dzin stangs	holds its object in a way which is; holds its object
902	112	dundampa	don dam pa	ultimate; the ultimate; exists ultimately; ultimate truth; ultimate kind; ultimate way; something ultimate; ultimate typ
903	112	duwa	du ba	smoke
904	112	kundzob tu	kun rdzob tu	deceptively; in a deceptive way; as a kind of deceptive reality
905	112	mutek	mu stegs	non-buddhist; non-buddhists
906	112	ngun gyi	sngon gyi	of the past
907	112	yin yang	yin yang	but; yet; even though; despite; even that; even if
908	111	barnang	bar snang	sky; space
909	111	gompa	goms pa	meditated; well trained; habit; accustomed; habituating; practice; meditating; meditate; practiced; gradual practice; pr
910	111	naktrak	rnag khrag	pus and blood; blood and pus
911	111	she-shin	shes bzhin	stay watchful; intentional; vigilance
912	111	tserap	tshe rabs	your previous lives; your past lives; lives; lifetimes; previous lives; past lives
913	111	sepa	zad pa	run out; wears out; has come to its end; end; finished off; finish off; eliminate; nothing more; finishing off; restrict
914	110	di yang	'di yang	either
915	110	kor du	'khor du	attendant; comes along with
916	110	tappa	btab pa	made; planting; given; has used; used; represent; has ... used; triggered
917	110	jin gyi lop	byin gyis rlobs	bless me; grant
918	110	dering	de ring	today
919	110	tarnang	ltar snang	false; appear
920	110	telngyur	thal 'gyur	would have to; statement of necessity; implication; logical statements
921	109	duyun	'dod yon	objects of the senses
922	109	sungwar	gzung bar	subhuti
923	109	mitok	mi rtog	person's intentions have degenerated
924	109	jinsek	sbyin sreg	offering of fire
925	108	gangrung ma	gang rung ma	neither ... nor
926	108	gowa	go ba	understanding; meaning; grasping; descriptions; understands; we can understand; grasp; understood; understand
927	108	gongma	gong ma	higher; above; high; upper; great; upper realms; higher realms
928	108	len du	lan du	response; in response; answer to; here is how we explain
929	108	mepa nyi	med pa nyid	lack; quality of lacking; thing which cannot exist; lacks; lacking; no; simple lack; without
930	108	mindro	mi 'gro	fail to attend; is nothing more
931	108	chokchik	phyogs gcig	single work
932	108	rirab	ri rab	mount supreme; ultimate mountain--mount supreme; mountain at the center of the world; central mountain of the world; cen
933	108	rung mayin	rung ma yin	reasons which are neither
934	108	sangye nam	sangs rgyas rnams	buddha
935	108	denu	sde snod	scriptural collection; all the books in the scriptural collection; scriptures; scriptural collections; literature; colle
936	108	semwen	sems dben	transcendent mind
937	108	kelsang	skal bzang	fortunate
938	108	sotar	so thar	freedom vows; the freedom vows; freedom; vows of freedom; individual freedom; morality of freedom; the vows of freedom
939	107	dangsum	dang gsum	has three parts
940	107	chikpu	gcig pu	single greatest; by myself; the single; one and only; one; alone; single; just; only
941	107	tar gyi	ltar gyi	of the kind
942	107	milen	mi len	can't share
943	107	gyuwa	rgyu ba	roam about
944	107	dikdrip	sdig sgrib	all the bad deeds
945	106	bepa	'bad pa	make serious efforts; make great efforts; efforts; strive
946	106	okma	'og ma	lower; preceding and lower level; latter
947	106	dey tse na	de'i tshe na	in this situation; in the same situation; suppose; when; in this same situation; according to your view; again consider 
948	106	geway le	dge ba'i las	good; virtuous deeds; virtuous deed; virtuous types of deeds
949	106	ngume	dngos med	devoid of being a thing; thing which doesn't function; something that was not a functioning thing; not functioning; thin
950	106	dunnyer	don gnyer	striving for; achieving; striving; aimed at getting; focussing; hope for; seek; aspiring to; he is aspiring to fulfill; 
951	106	ngunsum du tok	mngon sum du rtogs	perceived directly; to be realized directly
952	106	su yang	su yang	one; none
953	106	yirang	yi rang	verse with the words
954	106	yupa min	yod pa min	could never be
955	105	charwa	'char ba	shows; form; appear; can appear; picture; appearance; appearing; have appeared
956	105	nyinang	gnyis snang	duality; perceives a disparity
957	105	nyi-su me	gnyis su med	difficult
958	105	yishin	yid bzhin	wish
959	104	jikpa	'jig pa	destruction; dies; being destroyed
960	104	chungngu	chung ngu	lesser; least; a person of lesser scope; minor
961	104	rikje	rig byed	perceiver; thing perceiving; books of knowledge; communicate one's intentions; communicating
962	104	semkyepa	sems bskyed pa	raising the wish; raise the wish for enlightenment within one's mind; raising the wish for enlightenment within one's mi
963	104	tsemar	tshad mar	authoritative; validity
964	104	yinnam	yin nam	is it; whether
965	103	chungse kyang	cung zad kyang	at all; slightest bit; even the slightest bit; slightest; tiniest bit; in the slightest; some
966	103	drongkyer	grong khyer	cities; city
967	103	kyab te	khyab ste	but it does necessarily follow; the one always implies the other; this is always the case; true in every case
968	103	ngachi	snga phyi	past or future; mentioned throughout; the present and the preceding; specific; past and future; progression; temporal pr
969	103	sok chu	srog gcod	taking life; undertaking to kill; killing
970	102	chuchik	bcu gcig	eleven
971	102	chu kyi dakme	chos kyi bdag med	things have no self-nature; lack of a self-nature to things; lack of any self-nature to things; lack of a self-nature of
972	102	deta na	de lta na	this all supports the quotation that says, "; if this were the case; if this were true; if this held true; if this were 
973	102	ngushi	dngos gzhi	the main stage; main stage; actual commission of the deed; commission of the deed on; actual; actual commission; actual-
974	102	sar du	gsar du	fresh; fresh?; freshly
975	102	hachang	ha cang	avoid
976	102	hlaktong	lhag mthong	special vision; special insight; special realization
977	102	manye	ma rnyed	failed to find
978	102	reshik	re zhig	for the time being; in the short run; at this particular point at least; in the meantime
979	101	jinpa	byin pa	giving; offerings that have been made; presents; give; offering; making offerings; provided; calf; gave; presented; char
980	101	tokpa	gtogs pa	categorized; grouped with; which are considered; included; as well as; represents; taken
981	101	lam gyi	lam gyis	has spoken
982	101	namkar	nam mkhar	empty space; in the sky
983	101	rangshin gyi tong	rang bzhin gyis stong	empty of any natural
984	101	rang gi lu	rang gi lus	one's father or mother
985	101	tingndzin	ting 'dzin	pointed concentration
986	100	drukchu	drug cu	sixtieth; sixty
987	100	gangchir	gang phyir	because; for the reason that; for the reason; why?; since
988	100	drulwa	grol ba	liberate yourself; liberate; beings that are free; liberation; liberated; freed; liberating; transcendent; freedom; free
989	100	kunkyen	kun mkhyen	omniscient; omniscience; omniscient being; state of omniscience
990	100	mide	mi bde	unpleasant
991	100	minyen	mi snyan	terrible
992	100	chiwo	spyi bo	headborn
993	100	sunnjin	sun 'byin	disproving; disprove; attacks
994	99	lejungwa	las byung ba	occur from; from; happen by; occurrences; occur through; produces; gives; occur; came from
995	99	nam yang	nam yang	never
996	99	trawa	phra ba	lesser forms; subtle
997	99	gyagar	rgya gar	india; indian
998	99	tunmongwa	thun mong ba	common; which is shared; shared; the ones that are shared; way for common; "shared,"; way which is shared
999	98	dey dun	de'i don	nonetheless
1000	98	dunshen	don gzhan	substantially different; some other light; further; different
