36686	sems can rnam par (rnams na) grol ba na dga' ba'i rgya mtsho gang yin pa de nyid kyi(s) ni chog (mchog) min nam thar pa 'dod pas ci zhig bya	14.0	len140;odd8;mixed22
54921	g-yul du ral gri lhung gyur na 'jigs pas ~~len pa ltar de bzhin dran pa'i mtshon shor na dmyal ba'i 'jigs dran ~~ blang	12.9	len119;odd6;mixed12
49351	spos dang kha dog dang byug ('byug?) pa (byung ba) dang phreng ba (phye ma?) thogs pa spong ba dang	11.9	len99;odd10;mixed26
43345	~~thams cad kyi khro bo'i rgyal po 'phags pa mi g-yo ba de'i stobs dpag tu med pa rtul phod pa 'dul bar gsungs pa zhes bya ba'i rtog pa	11.8	len135;odd4;mixed11
55931	~~mtha' dag gi snying po bsdus pa('i glegs bam gyi che brjod bsgyur byang smon lam gyi rim pa)	11.7	len94;odd6;mixed15
43458	~~gtsug tor nas byung ba'i gdugs dkar po can gzhan gyis mi thub pa (zhes bya ba'i gzungs)	11.4	len89;odd6;mixed19
30457	(shrI) tsa kra saM wa ro pa de sha mu kha kar Na pa ram pa ra tsin tA ma Ni (nA ma)	11.2	len83;odd6;mixed12
53646	~~'i dus la ma chags ma thogs pa'i ye shes gzigs par 'jug go (mthong ba 'jug pa)	11.0	len80;odd6;mixed14
55898	~~'i zag rnams pa chu lon gyis zlog pa'i phyir (lon gyis bzlog bya ba'i phyir)	10.9	len78;odd6;mixed14
43376	~~thams cad 'dus pa'i byin gyis brlabs kyi (brlab pa'i) ye shes kyi phyag rgya	10.9	len78;odd6;mixed18
32761	gral rims su ma phag par ~~la ma bzlog par za ba (phag par zas 'grim du 'jug)	10.8	len77;odd6;mixed14
68192	bkod pa kun la(tu) dga' ba'i rang bzhin gyi tshul bstan do(tshul ston pa)	10.7	len73;odd6;mixed17
52720	drung na (drung du) 'dug pa'i dge slong la zas dang ~~'i chu snod mi gtor	10.7	len73;odd6;mixed13
43517	de (las) gzhan dang mi mthun pa(r) (mngon sum du) dmigs pa'i mtshan nyid	10.6	len72;odd8;mixed19
32508	dge slong ma'i ~~('gron po) mang po dang lhan cig (thabs cig tu) 'gro ba	10.6	len72;odd8;mixed20
43370	~~thams cad kyi gsang ba rnal 'byor chen po rnam par rgyal ba zhes bya ba mnyam pa nyid gnyis su med pa'i rgyud kyi rgyal po rdo rje dpal mchog chen po brtag pa dang po	10.5	len168;odd2;mixed7
43352	~~thams cad kyi thugs gsang ba'i ye shes don gyi snying po rdo rje bkod pa'i rgyud rnal 'byor grub pa'i lung kun 'dus rig pa'i mdo theg pa chen po mngon par rtogs pa chos kyi rnam grangs rnam par bkod pa	10.5	len203;odd2;mixed7
43516	de (las) gzhan dang mthun pa(r) (mngon sum du) dmigs pa'i mtshan nyid	10.4	len69;odd8;mixed19
55751	gang du gnas na 'chi bdag gis (las rnams kyis) mi ~~'i sa phyogs med	10.4	len68;odd6;mixed13
54497	~~gyi (gyis) bdag gi rnam grangs la ~~gyi bdag tu brjod pa'i ming la	10.4	len68;odd6;mixed16
32808	~~nad pa ji srid du nad sos gyur gyi bar du ni sman dang sman pa nyid dag dang de yi nad g-yog byed par shog	10.4	len108;odd4;mixed10
44727	(de bzhin 'gro ba'i bde sdug tha dad kyang 'gro ba tha dad bde sdug dag) thams cad bdag bzhin bde ba 'dod mnyam gcig	10.3	len116;odd4;mixed7
33995	sgrib pa mi mnga' ba'i (bas) rtogs par (thugs su) khong du chud pa	10.3	len66;odd6;mixed14
56849	zhum bcas ~~dor ba la phongs las thar ba yod dam ci nga rgyal ~~bskyed pas ni chen po yis kyang thub pa	10.2	len103;odd4;mixed13
39771	rdzogs par bsnyen pa (pa'i) dge slong gi (slong ma'i) dngos po	10.1	len62;odd6;mixed17
71018	go'u ta ma <MSc>(or</MSc> tam)	10.0	odd6;mixed17
70099	bya rgod sha la chags pa yis	10.0	odd16;mixed47
69364	khva skrod nus pa =bya khva ta ded thab pa	10.0	odd6;mixed12
69159	skrag dvangs (dvangs =dngangs)	10.0	odd6;mixed22
68469	skad cig (ma) gcig (gis) mngon rdzogs byang chub (pa)	10.0	odd6;mixed13
68083	dkoog =dkon mchog dkoon =dkon mchog dkyil	10.0	odd8;mixed20
67151	aol mdud (aol 'dud)	10.0	odd6;mixed12
65067	sems (pa) (b)skyed (pa)	10.0	odd6;mixed16
65012	~~ngal gso (spyan ras gzigs)	10.0	odd6;mixed18
64347	sa yongs su sbyong ba(r) (byed pa)	10.0	odd6;mixed13
63582	(shin tu) mang (ba)	10.0	odd6;mixed12
63551	(shin tu) rnam par dpyad (spyad) pa	10.0	odd6;mixed15
63510	(shin tu) (b)lta dka'	10.0	odd6;mixed14
63509	(shin tu) (b)rtogs pa(r) bya ba	10.0	odd8;mixed21
63481	(shin tu) (nges par) (b)rtogs pa	10.0	odd10;mixed25
62745	lus rgya (sgu	10.0	odd6;mixed15
62672	~~tsan dra pa'i (yi ge'i) mdo'i 'grel pa	10.0	odd6;mixed14
61469	~~'i [rnam grangs la	10.0	odd6;mixed12
60998	(rab tu) brjod pa (byed)	10.0	odd6;mixed13
60256	(yongs su) mi 'phrogs pa (mi thub pa)	10.0	odd8;mixed15
60236	yongs su sbyong ba(r) (byed pa)	10.0	odd6;mixed13
60230	(yongs su) sbyang ba'i (shin tu) byas (pa)	10.0	odd10;mixed21
60212	(yongs su) spong (ba)	10.0	odd6;mixed13
60160	(yid kyi) ~~	10.0	odd6;mixed10
60120	(yongs su) ngoms par byas nas (te)	10.0	odd6;mixed13
59571	(yid kyi) yongs su (b)rtog pa	10.0	odd6;mixed15
59249	(yang dag par) rjes su mthong ('thong) ngo	10.0	odd6;mixed17
59239	(yang dag par) rgyu (ba)	10.0	odd6;mixed13
58838	mthu yod pa 'am nus pa 'am dpyad (spyad) ~~ (gzod pa)	10.0	odd8;mixed17
56438	srog chags ko ka 'am (tsam mi ? mtsha ?)	10.0	odd6;mixed8
55570	tshad med pa la(s) bsgres pa ('gres pa)	10.0	odd6;mixed14
53808	~~gyi zhal ta pa (rta pa)	10.0	odd6;mixed12
53647	~~ra ngal skyan pa (skyen po)	10.0	odd6;mixed13
53575	(gyen du) ~~	10.0	odd6;mixed10
53270	gang tshul bzhin (tshul shing) mang po ~~	10.0	odd6;mixed14
52721	lag pas zas dang ~~sa (sbags pas) chu snod la mi bzung	10.0	odd6;mixed14
52591	~~khyad (par) 'phags (che)	10.0	odd6;mixed17
52436	~~che ba'i skye mched (che ba'i gnas)	10.0	odd6;mixed14
52404	~~rnams ni (dbang po thams cad) yongs su tshang bar gyur	10.0	odd6;mixed17
51396	(be Du rya	10.0	odd6;mixed12
49859	~~(ra) 'di la ni thams cad sbyin par [mi	10.0	odd6;mixed12
49375	mthu yod pa 'aM nus pa 'aM dpyad (spyad) bzod pa (gzod pa)	10.0	odd6;mixed15
48467	mchi mas ~~'khod do ('dug go)	10.0	odd6;mixed15
48289	mi'i rigs ~~ (kyi ming) la	10.0	odd6;mixed11
48084	~~'i (phung po so sor phye ba'i) ming la	10.0	odd6;mixed15
48012	(las kyi) ~~la rton pa	10.0	odd6;mixed12
48004	rnam par dmigs pa(r) (byed pa)	10.0	odd6;mixed13
46779	nags sdug po (chen po) bcu gnyis (po)	10.0	odd6;mixed12
46467	nags ~~(chen po) bcu gnyis (po)	10.0	odd6;mixed14
46395	sdug bsngal gyi(s) tshor bas [gzir ba	10.0	odd6;mixed14
46080	dpyal lugs ~~ (dpyal	10.0	odd6;mixed14
45455	'dul ba(r) (bya ba)	10.0	odd6;mixed12
45353	~~las yang dag par (skyo bar mi 'gyur)	10.0	odd6;mixed16
43438	~~(sku) la ngan sems kyis khrag 'byin pa (phyung ba)	10.0	odd6;mixed17
43422	~~la ngan sems kyis khrag 'byin pa (phyung ba)	10.0	odd6;mixed14
43386	~~bdun gyi sngon gyi smon lam gyi khyad par rgyas pa zhes bya ba'i mdo sde bklag cing de bzhin gshegs pa bdun mchod de smon lam gdab pa'i cho ga mdo sde las btus te rim par bklag pa	10.0	len181;odd2;mixed6
42579	~~la 'ang (bde ba) la phyi ma la rnam par smin pa bde ba	10.0	odd6;mixed11
42574	'das pa dang ma byon pa (ma 'ongs pa) dang ~~	10.0	odd6;mixed8
42512	['thun	10.0	odd6;mixed16
42511	'thun pa'i bzod pa (gsum po) rnon po (rab tu rno ba)	10.0	odd8;mixed15
41462	nad med nyi ma 'di lta [bur	10.0	odd12;mixed23
40970	ston (par) bgyid ba (byed pa)	10.0	odd6;mixed13
40634	ta la'i lo ma ltar ~~ (ltar ma yin pa)	10.0	odd6;mixed10
39536	bsam pa … ~~ (na	10.0	odd6;mixed9
39532	sems bskyed par (skyes par) gyur to … ~~	10.0	odd6;mixed12
38695	nyal po byed pa(r) shom pa'i khyim na gnas pa ('greng pa)	10.0	odd6;mixed15
37911	'jig rten (dag gi) mchog (ma)	10.0	odd6;mixed11
37510	de ~~sems (yang 'dzum pa mdzad do)	10.0	odd6;mixed14
36517	khong du (thugs su) ~~	10.0	odd6;mixed11
33089	rgyan la rtseg (rtsegs) pa (rtse ba)	10.0	odd6;mixed16
32878	(')grogs po (dang) (b)rten pa	10.0	odd6;mixed21
32659	bcad pa dang dbug(s) dang (b)sreg dang gsheg(s) 'gyur gyi(s)	10.0	odd8;mixed28
30381	aa nu tsa ra aa wa lo ki te shva ra	10.0	odd6;mixed8
30375	aa nu tsa rA aaSh Ta ya kShi N+ya:	10.0	odd6;mixed11
30373	aa nu tsa rA aaSh Ta ya kShA:	10.0	odd6;mixed11
30131	(shrI) DA kArNa wa (ma hA yo gi nI tan tra rA dza)	10.0	odd6;mixed13
29933	bya rgod sha la chags pa yis phan tshun kun [tu	10.0	odd8;mixed17
27895	skad cig (ma) gcig (gis) mngon rdzogs byang chub (pa	10.0	odd6;mixed12
27556	ae ka wyU ho (nA ma sa mA dhi:	10.0	odd6;mixed9
27152	aa nu pA lam bha-pre kShi Na:	10.0	odd6;mixed12
26785	~~rnam par ([gzhag	10.0	odd8;mixed23
26754	kun tu rab tu ([mched	10.0	odd6;mixed17
26655	kun (tu) brjod pa'i (rdzu 'phrul gyi) cho 'phrul	10.0	odd6;mixed13
26557	sa man ta-spha ra Na-mu kha-dar sha na	10.0	odd6;mixed19
43371	~~thams cad kyi gsang ba gsang ba'i mdzod chen po mi zad pa gter gyi sgron ma brtul zhugs chen po bsgrub pa'i rgyud ye shes rngam pa glog gi 'khor lo	9.9	len149;odd2;mixed7
58515	mi na bar phyag pa gnyis ka la ~~la chos mi bshad mi na bar phrag pa gnyis gas ~~la chos mi bshad	9.8	len97;odd4;mixed8
49151	(dpyod pa'i ting nge 'dzin sbyang ba'i 'du byed ldan pa'i rdzu 'phrul gyi rkang pa'o) dpyod byed	9.8	len96;odd4;mixed11
51632	~~spyan ras gzigs dbang phyug phyag stong spyan stong dang ldan pa thogs pa mi mnga' ba'i thugs rje chen po'i sems rgya cher yongs su rdzogs pa	9.7	len143;odd2;mixed7
43355	~~thams cad kyi de kho na nyid bsdus pa theg pa chen po mngon par rtogs pa zhes bya ba'i rgyud kyi bshad pa de kho na nyid snang bar byed pa	9.5	len140;odd2;mixed7
40906	(stong phrag brgya pa la sogs pa mdo sde chen po bklags pa'i) chos kyi sbyin pa'i bsngo ba	9.5	len90;odd4;mixed11
43328	~~dgra bcom pa yang dag par rdzogs pa'i sangs rgyas ngan song thams cad yongs su sbyong ba'i gzi brjid kyi rgyal po zhes bya ba'i brtag pa'i bshad pa	9.4	len149;odd2;mixed6
43359	~~thams cad kyi gtsug tor nas byung bagdugs dkar po can zhes bya ba gzhan gyis mi thub ma phyir zlog pa'i rig sngags kyi rgyal mo chen mo	9.3	len137;odd2;mixed7
42567	da ltar gyi dus la ma chags ma thogs pa'i ye shes gzigs par 'jug go (mthong ba 'jug pa)	9.3	len87;odd4;mixed10
60574	de nyid phyir na bcom ldan gyis rgya mtsho cher g-yengs gnya' shing gi bu gar rus sbal mgrin chud ltar mi nyid shin tu thob dkar gsungs	9.2	len135;odd2;mixed7
32557	'gal gzugs 'khri las 'dzugs pa chu la 'dzub (mdzub) mos se gol rdob rkus 'dzugs pa ~~	9.2	len85;odd4;mixed9
43351	~~thams cad kyi thugs gsang ba'i ye shes don gyi snying po khro bo rdo rje'i rigs kun 'dus rig pa'i mdo rnal 'byor grub pa'i rgyud	9.0	len130;odd2;mixed7
43327	~~dgra bcom pa yang dag par rdzogs pa'i sangs rgyas ngan song thams cad yongs su sbyong ba gzi brjid kyi rgyal po'i brtag pa phyogs gcig pa	8.9	len139;odd2;mixed6
49923	'jig rten na ni slong ba mod gnod pa byed pa dkon pa ste 'di ltar phar gnod ma byas [nas	8.9	len88;odd4;mixed7
49653	sprin gyi rtsa ba nar bar snang ba las char 'bab par rjes su dpag pa (dpog pa)	8.9	len78;odd4;mixed8
43403	~~ma 'dres pa'i rnam par thar par (pa'i) mdzad pa'i ye shes kyi mthar phyin pa	8.9	len78;odd4;mixed10
36863	chos mngon pa mdzod kyi bshad pa'i rgya cher 'grel pa (don gyi de kho na nyid)	8.9	len78;odd4;mixed9
36421	chu 'brug (brug) par snang ba las gong du char 'bab par rjes su dpag (dpog) pa	8.9	len78;odd4;mixed12
63817	~~stong phrag nyi shu lnga pa'i man ngag gi bstan bcos mngon par rtogs pa'i rgyan gyi tshig le'ur byas pa'i rnam par 'grel pa	8.8	len125;odd2;mixed7
42639	gang zhig dang po 'bad de bteg drangs kyang ngo tshas 'og tu lta sngon ni mthong ngam ma mthong yang gos kyis gdong ni g-yogs par gyur	8.7	len134;odd2;mixed6
42018	(thog ma dang tha ma med pa'i stong nyid) thog ma nas mya ngan las 'das pa	8.7	len74;odd4;mixed10
35334	lnga las lhag par tshig drug gam lnga las lhag par chos ston pa (bshad pa)	8.7	len74;odd4;mixed9
27554	bkod pa kun la (tu) dga' ba'i rang bzhin gyi tshul bstan do (tshul ston pa	8.7	len74;odd4;mixed10
56312	yang dag par rdzogs pa'i byang chub mngon par rdzogs par ~~bar 'gyur (ba)	8.7	len73;odd4;mixed9
43445	~~ting nge 'dzin gyi stobs bskyed pa bee DU rya'i 'od ces bya ba'i gzungs	8.7	len73;odd4;mixed9
58032	(bzhi pa'i) so so yang dag par rig pa rnam par gdon mi za ba la mkhas pa	8.6	len72;odd4;mixed10
50012	phung po'i lhag ma med pa'i mya ngan las 'das pa'i dbyings su yongs su mya ngan las 'das [so	8.6	len92;odd4;mixed6
67054	aa la la zhes ca co dang gzha'i sgra (prakShva) kha cig tu 'ur sgra zer	8.6	len71;odd4;mixed12
68135	bka' khrims bca' (bcas) khrims kyi skabs su ni bka' khrims bca' (bcas)	8.5	len70;odd4;mixed12
67771	ke la sha = kee la sha = ri'i rgyal po ti se	8.5	odd6;mixed5
58492	gza' bdag ( = nyi ma)	8.5	odd6;mixed5
27484	bka' khrims bca' (bcas) khrims kyi skabs su ni bka' khrims bca' (bcas	8.4	len69;odd4;mixed11
45250	('das pa dang ma 'ongs pa dang da ltar byung ba) 'das pa yang ma yin	8.4	len68;odd4;mixed8
43822	don yod pa'i lus dang (ngag dang) yid kyi las kyi mtha' la brtson pa	8.4	len68;odd4;mixed10
43462	~~gtsug tor nas byung ba'i gdugs dkar mo can gzhan gyis mi thub ma phyir bzlog pa zhes bya ba'i gzungs kyi sgrub thabs	8.4	len118;odd2;mixed7
47931	~~chen po mngon par rdzogs par byang chub pa rnam par sprul pa byin gyis rlob pa shin tu rgyas pa mdo sde'i dbang po'i rgyal po	8.3	len127;odd2;mixed6
43543	de'i dge sbyong gi tshul phyir bslang (slang) du med par 'gyur (ba)	8.3	len67;odd4;mixed11
45253	'das pa'i dus la ma chags ma thogs pa'i ye shes [gzigs par 'jug go	8.3	len66;odd4;mixed9
30158	(a'arya) DA ki nI wa dzra pany dza ra ma hA tan tra rA dza-kal pa	8.2	len65;odd4;mixed15
59694	yid la bsams pa bzhin re ba yongs su rdzogs par byed (rdzogs pa)	8.2	len64;odd4;mixed10
43326	~~dgra bcom pa yang dag par rdzogs pa'i sangs rgyas ngan song thams cad yongs su sbyong ba gzi brjid kyi rgyal po'i brtag pa	8.2	len124;odd2;mixed6
43827	~~'i dkyil 'khor gyi lha tshogs la bstod paMdri ma med pa'i 'od	8.2	len63;odd4;mixed10
62774	lus dang lus kyi yan lag (dang nying log) la sogs pa'i ming la	8.1	len62;odd4;mixed9
46463	sdug pa'i rnam par thar pa('i) lus kyis mngon sum du byas te rdzogs par byas nas gnas pa 'di ni rnam par thar ba gsum pa'o	8.1	len122;odd2;mixed6
34857	~~phrag brgya na rnam par gzhag (bzhag) pa gdags pa zhes bya'o	8.1	len62;odd4;mixed14
46643	de yis mdzad bshes skyo bar 'gyur sbyin pas bsdus kyang [sten	8.1	len61;odd4;mixed11
105634	aoor dhva de hi ka	8.0	odd4;mixed8
105270	aa ra pa tsa na =spros pa med pa	8.0	odd4;mixed8
102379	shod sgra= kroog	8.0	odd4;mixed10
100393	lva bas g-yogs	8.0	odd4;mixed9
100386	lva ba dkar pos g-yogs pa	8.0	odd4;mixed9
99299	ri dvags skrags mig ltar g-yo	8.0	odd4;mixed9
97965	g-yogs med	8.0	odd4;mixed8
93168	tshva ba gsum (tsha!!)	8.0	odd4;mixed13
88022	bi ba svAna too	8.0	odd4;mixed8
86165	dpal 'dzin[chen po]	8.0	odd4;mixed13
81723	dri [ma] med [pa'i] bshes gnyen	8.0	odd4;mixed10
80691	dang ga[mi bde]	8.0	odd4;mixed9
78037	gnyis [su]med [pa'i]sbas pa	8.0	odd4;mixed17
78036	gnyis [su]med [pa'i]rdo rje	8.0	odd4;mixed16
75539	chas rtsom pa (chas tsam pa)	8.0	odd4;mixed8
73206	rgyud [shes pa]	8.0	odd4;mixed8
71234	grang (rung ba)	8.0	odd4;mixed8
70775	gam g-yog =gam yo	8.0	odd4;mixed9
70467	'khor lo 'dzin (!!ba	8.0	odd4;mixed8
69905	khyim bdag mo =rigs skyongs ma =rigs kyi ma	8.0	odd4;mixed10
69679	khur mang(sa) =khur mang pa	8.0	odd4;mixed13
69656	khug sta =khug rta khug sna (rna)	8.0	odd4;mixed10
69400	kha du tshva =tshva nag po	8.0	odd4;mixed11
69039	skyo nas <spos nas>	8.0	odd4;mixed9
69031	skyes bus ma byed pa (!!byas pa)	8.0	odd4;mixed10
68857	skye bo dga' (bar) mdzad (pa)	8.0	odd4;mixed9
68821	skye ba lnga pa =dung dkar g-yas 'khyil	8.0	odd4;mixed10
68737	skyin gor <da phyid>	8.0	odd4;mixed9
68658	skon bu <gzhong pa>	8.0	odd4;mixed10
68604	(sku gzugs) ston	8.0	odd4;mixed10
68550	skal pa mnyam par skyes (mi dang!!)	8.0	odd4;mixed10
68378	rkan mi tog (btogs	8.0	odd4;mixed11
68373	rkang lag 'gyus pa(rgyus pa)	8.0	odd4;mixed11
68372	rkang lag 'khums pa ('khrums pa)	8.0	odd4;mixed11
68371	rkang ring ba (rgyang ring ba)	8.0	odd4;mixed10
68313	rkang thang ma (mgon po trakShda ~~)	8.0	odd4;mixed8
68142	bka' btabs =khrims bsgrags pa = bkar btags	8.0	odd4;mixed8
68096	dkyel che ba (=khong yongs pa)	8.0	odd4;mixed10
68093	dkyus mo (=mgyogs pa rgyugs pa)	8.0	odd4;mixed11
68092	dkyus <mgyogs pa>	8.0	odd4;mixed10
68073	dkoog =dkon mchogdkod pa	8.0	odd4;mixed10
67984	kShi ti (khyi ti)	8.0	odd4;mixed8
67925	klu brgyad bcas (rnam sras drag byed 'khor)	8.0	odd4;mixed11
67904	klad rgyas 'thogs pa (thogs pa)	8.0	odd4;mixed9
67878	kru trvug trves	8.0	odd4;mixed10
67821	ko'u di n+ya ('thab ldan ma'i bu)	8.0	odd4;mixed9
67819	ko'u!! =koo!!	8.0	odd4;mixed12
67751	kurma pA dI (phag mo!!)	8.0	odd4;mixed10
67746	kuNDa li (khol po!!)	8.0	odd4;mixed10
67740	kun shes pa them pa byed (thob par byed)	8.0	odd4;mixed10
67702	kun byang=kun nas nyon mongs pa=rnam par byang	8.0	odd4;mixed16
67696	(kun nas)('a)byung ba	8.0	odd4;mixed17
67651	kun tu rab tu 'ur (!!'ur 'ur)	8.0	odd4;mixed10
67650	kun tu rab tu mched ('ched) cing 'bar (ba)	8.0	odd4;mixed11
67594	kun tu btags pa'i mtshan nyid (kun btags)	8.0	odd4;mixed10
67337	kaga =skag =keg	8.0	odd4;mixed9
66874	lha'i bu mtshams ('tshams) bzang (ba)	8.0	odd4;mixed13
66812	lhan cig (tu) skyes (pa)	8.0	odd4;mixed8
66666	lha mo [dung	8.0	odd4;mixed10
66582	lha khang bsrung ba (bsrung mi)	8.0	odd4;mixed10
66527	ha nu ma [nta	8.0	odd4;mixed9
66240	tha na bzhad (gzhad) gad bya bar ~~	8.0	odd4;mixed9
66139	~~'i las kyi(s) bsnyen par rdzogs pa'i dge slong	8.0	odd4;mixed10
65996	(gser gyi) sa le sbram	8.0	odd4;mixed9
65862	[gsar	8.0	odd4;mixed9
65725	slob pa (yang) ma yin mi slob pa (yang) ma yin	8.0	odd4;mixed12
65490	srid [srung	8.0	odd4;mixed13
65237	so sor 'ged pa ('gyed pa)	8.0	odd4;mixed9
65230	so so'i bden pa bstsal ba (btsal ba)	8.0	odd4;mixed9
65063	sems (rnam gsum)	8.0	odd4;mixed10
65016	~~ra ma gzhag (bzhag) pa med pa	8.0	odd4;mixed11
64838	(de) 'di snyam du sems te … snyam mo (nas)	8.0	odd4;mixed9
64731	chu la 'dzub (mdzub) mos ~~	8.0	odd4;mixed9
64673	su kha de bas grub pa thob pa('i gtam rgyud)	8.0	odd4;mixed11
64657	sin dhu('i klu'i rgyal po)	8.0	odd4;mixed9
64417	~~ma 'dres pa bcva brgyad kyi ming la	8.0	odd4;mixed8
64230	sa sgrags ri(s kyi sde)	8.0	odd4;mixed8
64190	bshog pa (gshog pa)	8.0	odd4;mixed9
64115	nyan thos rnams [las	8.0	odd4;mixed8
64068	gshe yang slar mi gshe (bar bya)	8.0	odd4;mixed8
63991	gshags gshog pa (bshog pa)	8.0	odd4;mixed9
63990	gshag gshog pa (bshog pa)	8.0	odd4;mixed9
63792	shes bzhin gyis [brdzun	8.0	odd4;mixed13
63696	(shed bdag) shed las skyes pa	8.0	odd4;mixed10
63681	snam sbyar (shal) nang ~~	8.0	odd4;mixed8
63638	shin tu (legs par) phug	8.0	odd4;mixed9
63637	shin tu (legs par) btags	8.0	odd4;mixed9
63627	shin tu (yongs su) non pa	8.0	odd4;mixed9
63621	(shin tu) yangs pa	8.0	odd4;mixed8
63607	(shin tu) zhi ba	8.0	odd4;mixed8
63581	(shin tu) mang du thos pa	8.0	odd4;mixed8
63549	(shin tu) rnam par gdon mi za	8.0	odd4;mixed8
63511	(shin tu) bstan pa	8.0	odd4;mixed8
63503	(shin tu) ston to	8.0	odd4;mixed8
63493	(shin tu) nye bar gnas pa	8.0	odd4;mixed8
63426	shing bzo bas grub pa thob pa('i gtam rgyud)	8.0	odd4;mixed11
63163	~~ser ches pa	8.0	odd4;mixed10
63092	gang dang gang du 'gro ba de (dang de) logs su	8.0	odd4;mixed8
62686	tshigs su bcad pa gcig tsam ~~te ~~nas kyang mi spong na	8.0	odd4;mixed9
62450	lam grogs (kyi tshogs)	8.0	odd4;mixed11
62332	lag pa'i sor mo zlum por 'dzes pa ('jas pa)	8.0	odd4;mixed8
62297	~~(zhes bya ba) 'jig rten gsum 'dul ba'i rgyud	8.0	odd4;mixed10
62283	lag na dgra (dgra cha) sta thogs pa la chos mi bshad	8.0	odd4;mixed9
62269	lag can (dgon pa pa)	8.0	odd4;mixed8
61977	rung bar [byas	8.0	odd4;mixed8
61791	nor bu ~~ beeDUrya	8.0	odd4;mixed10
61773	rin chen 'od bzhin (du) kun tu zer (gzer) gtong	8.0	odd4;mixed10
61731	rin chen mtho(n pa)	8.0	odd4;mixed9
61703	rin chen bkra shis (dpal bzang po)	8.0	odd4;mixed8
61596	rigs [mthun	8.0	odd4;mixed12
61422	ri dvags aee Ne ya	8.0	odd4;mixed8
61406	ri dvags skyes (ma)	8.0	odd4;mixed9
61295	~~ra gshegs (pa)	8.0	odd4;mixed8
61253	ri('i) rab (po)	8.0	odd4;mixed10
61189	rab tu 'od gsal (zhing dang ba)	8.0	odd4;mixed9
61165	~~rnam par gdon mi za ba'i (')cho 'phrul bstan pa	8.0	odd4;mixed12
61128	~~ra grags (pa)	8.0	odd4;mixed8
60958	(rab tu sgrog pa'i) brug sgra	8.0	odd4;mixed9
60805	(rang bzhin) gnyis kyi dngos	8.0	odd4;mixed11
60679	~~gis 'gag(s) pa	8.0	odd4;mixed12
60630	g-yos g-yo ba	8.0	odd4;mixed9
60624	g-yobs g-yob pa	8.0	odd4;mixed11
60610	g-yogs g-yog pa	8.0	odd4;mixed11
60592	g-yo ba dang mi g-yo ba	8.0	odd4;mixed8
60573	g-yengs g-yeng ba	8.0	odd4;mixed13
60530	g-yas g-yon du lta ba	8.0	odd4;mixed10
60438	~~gzi brjid dpal	8.0	odd4;mixed10
60334	~~(ra bya ba)	8.0	odd4;mixed8
60330	yongs su (shin tu) dag	8.0	odd4;mixed8
60325	yongs su yi mi [chad	8.0	odd4;mixed11
60275	yongs su smin par bya ba (mdzad pa)	8.0	odd4;mixed9
60232	yongs su [sbyangs pa	8.0	odd4;mixed11
60231	(yongs su sbyang zhing) bsgrub pa	8.0	odd4;mixed12
60202	(yongs su) gnas pa	8.0	odd4;mixed9
60185	yongs su dri ba (dris pa)	8.0	odd4;mixed8
60109	(yongs su) rgyu ba yin	8.0	odd4;mixed9
60071	yongs su bskos pa (bgos pa)	8.0	odd4;mixed8
60066	(yongs su) skyo ba med pa	8.0	odd4;mixed9
60017	yog pa (mun pas) khebs pa	8.0	odd4;mixed8
59686	~~'i rnam par g-yeng ba	8.0	odd4;mixed10
59642	yid rnam par dag pa (dang ba)	8.0	odd4;mixed8
59578	yid kyi(s) nyes pa(r) spyod pa gsum	8.0	odd4;mixed11
59538	yi ge('i) ('bru)	8.0	odd4;mixed12
59431	yan lag (gi) dam pa (mgo)	8.0	odd4;mixed9
59320	yang dag par rab tu dga' bar (tshim par) byed pa	8.0	odd4;mixed10
59318	yang dag par (yongs su) ston pa yin	8.0	odd4;mixed9
59306	yang dag par 'dzin (gzung ba)	8.0	odd4;mixed9
59284	(yang dag par) byung	8.0	odd4;mixed9
59265	(yang dag par) 'dod chags dang bral bar mi 'gyur	8.0	odd4;mixed9
59180	yang dag (b)sgrub (pa)	8.0	odd4;mixed12
59100	'od srung(s) rdzogs byed (can)	8.0	odd4;mixed13
58812	bzung ba dang [bsam	8.0	odd4;mixed11
58742	mthu yod pa 'am nus pa 'am dpyad (spyad) bzod pa (~~)	8.0	odd4;mixed11
58639	gzugs med pa'i (gnas kyi) gnas ngan len rig pa	8.0	odd4;mixed9
58638	gzugs med pa('i don so so yang dag par rig par byed pa)	8.0	odd4;mixed8
58589	gzugs kyi (gnas kyi) gnas ngan len rig pa	8.0	odd4;mixed9
57947	gzhog 'phyas (byed pa)	8.0	odd4;mixed8
57751	gzhan gyi(s) dring (la) mi 'jog pa	8.0	odd4;mixed10
57712	gzhan (gyi 'jig rten)	8.0	odd4;mixed9
57697	[gzhag	8.0	odd4;mixed12
57677	glang po che'i gnya' ~~(gzhon pa)	8.0	odd4;mixed11
57530	zhib mor rtogs pa'i (zhib mo brtags pa'i)	8.0	odd4;mixed10
57506	zhing ['jal	8.0	odd4;mixed10
57501	zhing [bgod pa	8.0	odd4;mixed8
57490	zhing gi skabs su (ni) mu thug dris (bris)	8.0	odd4;mixed10
57351	zhabs kyi long bu (long mo'i tshigs) mi mngon pa	8.0	odd4;mixed12
57210	rdzi ma nang du 'dzug pa ('jug pa)	8.0	odd4;mixed8
56705	rtsva (')tshong	8.0	odd4;mixed14
55965	tshogs can grol (ba'i) rgal (po)	8.0	odd4;mixed10
55933	tsher ma bkrugs pa (dkrugs pa)	8.0	odd4;mixed10
55635	tshig gong ma dang [sbyor ba	8.0	odd4;mixed9
55632	tshig gi(s) mjug ('jug)	8.0	odd4;mixed11
55323	smon lam (ma) (b)rtags pa	8.0	odd4;mixed12
55279	bal ~~'i spang(s) pa	8.0	odd4;mixed12
55197	smad g-yogs dang stod g-yog su bcas pa	8.0	odd4;mixed11
55090	(khyod ni ya rabs) rmad cig lags	8.0	odd4;mixed11
55014	dmigs (sgo nas)	8.0	odd4;mixed8
54827	mos pa('i mtshan nyid kyi) sgom lam	8.0	odd4;mixed9
54803	mon sran dkar po (dkar ru)	8.0	odd4;mixed8
54786	mog mog par bya ba (byas pa)	8.0	odd4;mixed8
54735	med pa'i rgyur sgro 'dogs pa (pa'i mtshan nyid)	8.0	odd4;mixed10
54706	bla (na) med (pa)	8.0	odd4;mixed8
54528	(sems can) sdug bsngal mun 'thoms la	8.0	odd4;mixed9
54466	mi'i rigs sna tshogs (kyi ming) la	8.0	odd4;mixed9
54108	mi phyed gtsug na [nor bu	8.0	odd4;mixed8
54081	~~ra brjes (rjes) pa la chos mi bshad	8.0	odd4;mixed10
54075	~~ra 'greng ste bshang gci (lci) mi bya	8.0	odd4;mixed9
53820	yul gyi mi [dag	8.0	odd4;mixed10
53662	~~'i sgo nga'i spubs kyi sgrib(s) pa	8.0	odd4;mixed12
53325	sbyor ba la (bsgyur ba la) ldem por dgongs pa	8.0	odd4;mixed10
52932	spyan dkar nag ~~padma'i 'dab ma'i mdangs (pa) lta bu	8.0	odd4;mixed13
52703	dbyen [byas	8.0	odd4;mixed10
52614	(dbyangs sprin) rab tu 'byung ba	8.0	odd4;mixed14
52592	~~drug (b)cu'i ming la	8.0	odd4;mixed13
52543	dbugs ma byung ba (phyin pa)	8.0	odd4;mixed9
52415	dbang po'i [mchod sdong	8.0	odd4;mixed11
52240	blo (ni) sbyangs (pa)	8.0	odd4;mixed8
52039	bram ze('i) las rnam pa drug gi ming la--	8.0	odd4;mixed10
51933	byed du bcug [nas	8.0	odd4;mixed8
51809	byin pa ri dvags aee Ne ya'i lta bu	8.0	odd4;mixed8
51733	phan tshun du ~~su 'gyur ~~dang phan pa'i sems su 'gyur te	8.0	odd4;mixed10
51615	~~me tog (che)	8.0	odd4;mixed9
51471	bzung (gzung) bar ~~'i phyir	8.0	odd4;mixed11
51395	~~'i 'od kyi rgyal po sman gyi bla ~~'i 'od kyi rgyal po	8.0	odd4;mixed8
51331	bud med kyis grub pa thob pa('i gtam rgyud)	8.0	odd4;mixed11
50299	(phyi 'phrod)	8.0	odd4;mixed12
50083	phebs par (pa'i) gsar (sar) gnas 'debs pa	8.0	odd4;mixed11
49022	~~yan lag bzhi (pa)	8.0	odd4;mixed9
48913	dpal ldan dus 'khor ('pho med thog ma tha ma med)	8.0	odd4;mixed9
48450	snod spyad ['ged pa	8.0	odd4;mixed8
48219	~~(med ?)	8.0	odd4;mixed8
48062	rnam par rig (par) byed (pa) ma yin pa	8.0	odd4;mixed9
47899	(rnam par) gdags pa	8.0	odd4;mixed9
47889	~~snga nas ~~mnyam pa nyid	8.0	odd4;mixed13
47790	~~sa (bar) gnon pa	8.0	odd4;mixed9
47411	gnod pa(r) sngo (bdo) ba med cing	8.0	odd4;mixed10
47273	~~gyi rnam par g-yeng ba	8.0	odd4;mixed11
47115	(dog) sas ~~ro	8.0	odd4;mixed9
46972	(steng gi) nam mkhar 'gro ba	8.0	odd4;mixed9
46858	nang (yongs su spras pa)	8.0	odd4;mixed9
46778	(nags mdab) nags ldan	8.0	odd4;mixed10
46530	sdong ris ('khyil pa)	8.0	odd4;mixed10
46412	sdug bsngal mthar [phyin pa	8.0	odd4;mixed9
46366	sdig pa'i grogs po (dang) (b)rten pa	8.0	odd4;mixed13
46302	ldog pa('i phyogs kyi rten can gyi) gzung rtog	8.0	odd4;mixed9
45965	rdo rje ljon pa (lhun pa'i) zer ba'i rgyal mtshan	8.0	odd4;mixed10
45795	('dren pa'i) byin	8.0	odd4;mixed11
45547	~~ma yin (pa)	8.0	odd4;mixed8
45404	gzhan na aang gu zhes ~~brtag go	8.0	odd4;mixed11
45376	'du shes (med pa'i) 'gog pa	8.0	odd4;mixed9
45154	mdor (bsdus te) bstan na	8.0	odd4;mixed9
44863	~~zla (ba)	8.0	odd4;mixed9
44694	bde [mchog	8.0	odd4;mixed13
44374	bdag gi gzugs kyi grib ma (mthong ba)	8.0	odd4;mixed10
44102	dril bu g-yer kha'dra ba (')khrol ba	8.0	odd4;mixed13
44017	dri ma … skyon (nyes pa)	8.0	odd4;mixed8
44015	dri ma kun (tu) bral (ba)	8.0	odd4;mixed8
43830	~~'i pha rol tu phyin pa drug yongs suMrdzogs par byed pa	8.0	odd4;mixed13
43820	don yod rnam (par) gnon (pa)	8.0	odd4;mixed9
43656	don gyi mthar thug pa (gtugs pa)	8.0	odd4;mixed9
43560	~~kyi mtshan nyid kyi(s) 'brel ba	8.0	odd4;mixed11
42818	dar zab sbugs las byung ba (dang po las byung ba)	8.0	odd4;mixed8
42711	~~rnams (la) mngon par dga' ba	8.0	odd4;mixed11
42706	dad pas rjes su sbyin par byed pa (mtshun 'thor ba)	8.0	odd4;mixed10
42647	skya reng(s) ~~	8.0	odd4;mixed9
42422	~~kyi zag pa (rnams) bsdam pa'i phyir	8.0	odd4;mixed12
42365	mthus (b)rtser (ba)	8.0	odd4;mixed12
42151	thos pa 'dzin pa'i (shes pa)	8.0	odd4;mixed8
42047	thogs pa (shin tu phra mo) kun tu rmongs pa	8.0	odd4;mixed8
41935	~~la dad pa(r) rab tu sgom pa	8.0	odd4;mixed9
41913	(theg chen) sgom lam gyi byed pa	8.0	odd4;mixed10
41662	thal ba'i sor ris (sol ris) gsum mtshan can	8.0	odd4;mixed8
41661	thal ba'i sor ris (sol ris)	8.0	odd4;mixed8
41593	thams cad rnam par ['gyed	8.0	odd4;mixed12
41536	bzhi bcu (tham pa)	8.0	odd4;mixed8
41535	bdun bcu (tham pa)	8.0	odd4;mixed8
41534	drug cu (tham pa)	8.0	odd4;mixed8
41532	brgyad cu (tham pa)	8.0	odd4;mixed8
41531	brgya (tham pa)	8.0	odd4;mixed8
40705	ltebs pa (stebs pa)	8.0	odd4;mixed9
40557	g-yeng bar ~~	8.0	odd4;mixed8
40442	rtog ge'i spyod pa ma yin pa (spyod yul ma yin pa)	8.0	odd4;mixed9
40418	rten pa (brten pa) med pa	8.0	odd4;mixed9
40415	rten du yod pa'i (rten du gyur pa) gzugs su yod pa'i phyir	8.0	odd4;mixed8
40219	bteg(s) 'deg(s) pa	8.0	odd4;mixed14
40055	gtum bo dkar po (khro bo) chen po'i sgrub thabs	8.0	odd4;mixed8
40010	gti mug med (pa'i) rgyal (po)	8.0	odd4;mixed10
39821	ta la'i lo ma ltar ([ltab	8.0	odd4;mixed11
39675	snyog(s) snyeg(s) pa	8.0	odd4;mixed16
39217	(g)nyi (ma)	8.0	odd4;mixed10
39187	gnyan yod (mnyan yod)	8.0	odd4;mixed10
39070	nyes pa ngor (brjod pa)	8.0	odd4;mixed9
39011	bdag ni [nye	8.0	odd4;mixed9
38994	(nye bar) so spyong byed pa	8.0	odd4;mixed8
38766	nyi ma'i 'od byed pa (sgron ma) zhes bya ba'i ting nge 'dzin	8.0	odd4;mixed9
38589	(nyan thos kyi) theg pa la yang dag par zhugs pa	8.0	odd4;mixed9
38522	brjod du med pas (pa'i) yang brjod du med pa la(s) bsgred pa	8.0	odd4;mixed11
38519	brjod du med pas kyang (pa'i yang) brjod du	8.0	odd4;mixed10
38367	rjes su [mthun	8.0	odd4;mixed12
38290	rjes khol gyi (rje gol gyi) mtshan nyid kyi 'brel ba	8.0	odd4;mixed8
38160	'jug pa('i phyogs kyi rten can gyi) gzung rtog	8.0	odd4;mixed9
37918	'jig rten 'das (par smra ba'i) sde	8.0	odd4;mixed9
37782	('jam shing) mnyen pa	8.0	odd4;mixed11
37643	'jam pa'i rdo rje dpa' bo gcig (tu grub) pa'i sgrub thabs	8.0	odd4;mixed8
37178	g-yeng ba ma ~~	8.0	odd4;mixed8
37146	mchi mas brnangs te 'khod do ('dug go)	8.0	odd4;mixed8
37096	(chos la) mthu tshol ba	8.0	odd4;mixed8
36866	chos mngon pa'i (mdzod kyi) 'grel pa gnad kyi sgron me	8.0	odd4;mixed10
36591	che bzhi rmas pa (smras pa)	8.0	odd4;mixed9
36586	spyis (phyis) brtsan po 'am spyi gtol (rtol)	8.0	odd4;mixed13
36034	bcom (b)rlag (pa)	8.0	odd4;mixed11
35972	bcom ldan 'das kyis gnang ba (snang ba)	8.0	odd4;mixed9
35966	bcom ldan 'das kyi ltar nyan pa dang (ltar nyan nas)	8.0	odd4;mixed9
35835	khab kyis gcags (bcags pa)	8.0	odd4;mixed9
35784	gcig pur (gcig tu) dben pa	8.0	odd4;mixed8
35729	gcig (gi … gcig)	8.0	odd4;mixed8
35677	cung zad (ci 'ang) mi nus	8.0	odd4;mixed8
35171	mngon par (shin tu) 'phags pa	8.0	odd4;mixed8
35158	mngon par rdzogs par (')tshang rgya bar 'gyur (ba)	8.0	odd4;mixed13
35125	mngon par spro bar bya ba (bgyi ba)	8.0	odd4;mixed8
34925	dngos po med (pa) las byung (ba)	8.0	odd4;mixed8
34444	(bdag nyid la) bsgrubs	8.0	odd4;mixed8
34247	brgya byin mtshon cha ('dra ba lags)	8.0	odd4;mixed10
34057	sgrub pa'i (mtshan nyid kyi) sgom lam	8.0	odd4;mixed11
33962	sgrag(s) sgrog(s) pa	8.0	odd4;mixed16
33858	sgra grag par 'phog(s) (phog) pa	8.0	odd4;mixed14
33656	lus sgu (rgu) bas 'khar (mkhar) ba la brten pa	8.0	odd4;mixed12
33610	rgyun yang dag par bcad pa (gcad pa)	8.0	odd4;mixed8
33591	rgyun du 'jugs pa (zhugs pa)	8.0	odd4;mixed9
33152	rgyal po gzhugs pa (bzhugs pa)	8.0	odd4;mixed10
33051	khor yug rgyan gyi (rnam pa yid 'ong ldan)	8.0	odd4;mixed10
33016	rgya mtsho'i ngogs na (ngos nas) gnas pa rnams kyi	8.0	odd4;mixed9
33003	rgya mtsho chen po (lta bu'i) 'od zab mo 'chang ba	8.0	odd4;mixed9
32849	'gro bar bya ba ('gros pa)	8.0	odd4;mixed9
32730	'gyod pa [skyes pa	8.0	odd4;mixed9
32510	ma sha ka mgron ('gron) bu brgya(d) bcu'i rin	8.0	odd4;mixed15
32379	mgo bong [bu'i	8.0	odd4;mixed8
32169	(dgra bcom) chos skyobs	8.0	odd4;mixed10
32045	dge slong gi (dge slong ma'i) dngos po	8.0	odd4;mixed9
32013	dge sbyong gi skyon du brtsi ba (rtsi ba'i ming) la	8.0	odd4;mixed10
32002	~~la mgu ('gu) bar bya ba	8.0	odd4;mixed9
31954	dge ba mi sbyoms pa (choms pa)	8.0	odd4;mixed9
31919	dge 'dun gyi dbyen byas pa (byed pa)	8.0	odd4;mixed8
31916	dge 'dun gyi 'du ba'i sgo 'phrog ba (phrogs pa)	8.0	odd4;mixed10
31764	dga' (ba) mtha' yas grags (pa)	8.0	odd4;mixed8
31762	dga' ba chen pos (mo) tshims (tshim) pa	8.0	odd4;mixed11
31573	glang po che'i lta stangs kyis bltas nas (ltas nas)	8.0	odd4;mixed9
31572	glang po che'i gnya' (gnyar) gzhon (zhon) pa	8.0	odd4;mixed13
31565	(glang po che) pa ri le ya'i nags	8.0	odd4;mixed10
31562	glang po che ltar 'gyin zhing ('gying zhing) bzhud pa	8.0	odd4;mixed13
31286	grang ba dang dro ba (zhes bya'i bya)	8.0	odd4;mixed9
31245	grag pa ('grag pa	8.0	odd4;mixed9
31207	(gyen du) ma 'phags pa	8.0	odd4;mixed8
31121	gos zas kyis ['tsho ba	8.0	odd4;mixed9
31028	gong ma dang sbyor ba (tshig ~~)	8.0	odd4;mixed9
30746	gang tshul bzhin (tshul shing) mang po sbyin par 'os pa	8.0	odd4;mixed12
30745	gang tsam las mthor (mtho bar)	8.0	odd4;mixed9
30744	gnya' shing ~~ (b)lta ba	8.0	odd4;mixed8
30594	'khrug(s) par (ma) mi 'gyur	8.0	odd4;mixed13
30568	'khris pa (khris pa)	8.0	odd4;mixed9
30336	'khor kun tu [grags pa	8.0	odd4;mixed12
30298	'khar ba la bsten pa (brten pa)	8.0	odd4;mixed9
29951	khri'i rkang pa ['chos	8.0	odd4;mixed11
29819	khyebs pa (khebs pa)	8.0	odd4;mixed9
29711	khyim gyi dang ra (gting ra')	8.0	odd4;mixed10
29549	khong du (thugs su) chud pa	8.0	odd4;mixed9
29475	khur mang(s) = khur mang pa	8.0	odd4;mixed8
29312	(kha long)	8.0	odd4;mixed9
29220	kha zur (kha sur)	8.0	odd4;mixed8
29182	aut pA Tita (aud ghA Tita)	8.0	odd4;mixed9
28995	bskos (bskas) pa 'du ba'i sa ('dul ba'i sa	8.0	odd4;mixed12
28612	skyes bus ma ([byed pa	8.0	odd4;mixed10
28536	skyes nas (skye gnas) myong bar 'gyur ba	8.0	odd4;mixed10
28405	skye bo dga' (bar) mdzad (pa	8.0	odd4;mixed8
28126	skum(s) = shum pa	8.0	odd4;mixed8
27684	~~mi g-yo ba	8.0	odd4;mixed8
26908	sa mu da ye&nva ya dznyA na kShAn ti:	8.0	odd4;mixed9
26757	kun tu rab tu (['ur	8.0	odd4;mixed10
26642	kun tu rgyu ba(r) (byed pa	8.0	odd4;mixed10
26532	ku sha gtsang (rtsa	8.0	odd4;mixed13
51634	~~'phags pa spyan ras gzigs dbang phyug lag pa stong dang mig stong dang ldan pa'i cho ga zhib mo	7.8	len97;odd2;mixed8
43459	~~gtsug tor nas byung ba'i gdugs dkar po can gzhan gyis mi thub pa phyir zlog pa chen mo mchog tu grub pa	7.8	len105;odd2;mixed7
41426	sems can rnams la chags byas na yang dag nyid la kun nas sgrib skyo ba'i sems kyang 'jig par byed ~~mya ngan gdung bar 'gyur	7.7	len124;odd2;mixed5
43463	~~gtsug tor nas byung ba'i gdugs dkar mo can gzhan gyis mi thub ma zhes bya ba'i dkyil 'khor gyi cho ga	7.7	len103;odd2;mixed7
43342	~~thams cad kyi sku gsung thugs kyi gsang chen gsang ba 'dus pa zhes bya ba brtag pa'i rgyal po chen po	7.7	len103;odd2;mixed7
63844	~~'i man ngag gi bstan bcos mngon par rtogs pa'i rgyan zhes bya ba'i 'grel pa rtogs par dka' ba'i snang ba zhes bya ba'i 'grel bshad	7.6	len132;odd2;mixed4
43357	~~thams cad kyi byin gyi rlabs sems can la gzigs shing sangs rgyas kyi zhing gi bkod pa kun tu ston pa	7.6	len102;odd2;mixed7
102707	sa ra svan too	7.5	odd4;mixed7
101604	shva shu roo	7.5	odd4;mixed7
98428	rab tu 'gyed du	7.5	odd4;mixed7
97875	g-yul zhugs	7.5	odd4;mixed7
97844	g-yas pa'i lha nga	7.5	odd4;mixed7
88371	bee shva na rI	7.5	odd4;mixed7
80767	dvan dva	7.5	odd4;mixed7
70460	'khor lo chen po (rab tu) 'jug pa'i ye shes kyi phyag rgya	7.5	odd4;mixed7
67914	klab pa <lva ba>	7.5	odd4;mixed7
67585	kun tu rgyu ba(r byed pa)	7.5	odd4;mixed7
67135	ri dvags ~~	7.5	odd4;mixed7
67063	(aa sma) gar ba	7.5	odd4;mixed7
66777	lhag ma (lus pa)	7.5	odd4;mixed7
66592	pus mo g-yas pa'i ~~	7.5	odd4;mixed7
65604	(lha mo) srog sgrub lcags phur ma rang byung rgyal mo	7.5	odd4;mixed7
63622	shin tu yangs pa(r bya ba)	7.5	odd4;mixed7
63052	lo rang (dang ?) nyan	7.5	odd4;mixed7
62374	(de dag gis) lan ma lon	7.5	odd4;mixed7
61879	rim 'gro (bya ba)	7.5	odd4;mixed7
61031	(rab tu) thob	7.5	odd4;mixed7
61009	(rab tu) gtong ba	7.5	odd4;mixed7
60997	(rab tu) brjod pa	7.5	odd4;mixed7
60929	(rab tu) gang ba	7.5	odd4;mixed7
60328	yongs su (rab tu) brtsom ste	7.5	odd4;mixed7
60327	yongs su (rab tu) skyes pa	7.5	odd4;mixed7
60306	yongs su rdzogs (par 'gyur pa)	7.5	odd4;mixed7
60274	yongs su smin pa(r bya ba)	7.5	odd4;mixed7
59323	yang dag par (rab tu) 'jug	7.5	odd4;mixed7
58074	bzhed (pa yin)	7.5	odd4;mixed7
56877	g-yul 'gyed du ~~	7.5	odd4;mixed7
54199	(mi zer bar) 'dug nas	7.5	odd4;mixed7
50532	(rje btsun ~~)	7.5	odd4;mixed7
49047	slob dpon (gyi) ~~	7.5	odd4;mixed7
47611	rnam dag (gi mtshan nyid kyi) sgom lam	7.5	odd4;mixed7
47130	nor rgyas (kyi bu)	7.5	odd4;mixed7
47113	(dog) sas ~~	7.5	odd4;mixed7
45335	'du ba (yod pa)	7.5	odd4;mixed7
44256	'phags ma gdugs dkar (po can)	7.5	odd4;mixed7
43750	g-yog 'khor ~~	7.5	odd4;mixed7
43198	de lta bu (yin pa)	7.5	odd4;mixed7
40355	rtag [re	7.5	odd4;mixed7
39992	gtam (bya ba)	7.5	odd4;mixed7
39822	[ta lor	7.5	odd4;mixed7
39763	bsnyen bkur ma lags pa (yin pa)	7.5	odd4;mixed7
39626	snying po ma yin (pa med) par gyur pa	7.5	odd4;mixed7
39199	gnya' shing gang tsam du blta ba (lta ba)	7.5	odd4;mixed7
36749	chos kyi gtam (bya ba)	7.5	odd4;mixed7
35439	sngon gyi rgyal [bas zhugs pa	7.5	odd4;mixed7
31802	legs pa(r) ~~	7.5	odd4;mixed7
30887	gu gu lu (gu gul)	7.5	odd4;mixed7
30436	'khor lo chen po (rab tu) 'dzug pa'i ye shes kyi phyag rgya	7.5	odd4;mixed7
29583	aaSh TA wa kSha NA:	7.5	odd4;mixed7
29334	aaSh TA da sha dhA ta wa:	7.5	odd4;mixed7
29232	(kha ra)	7.5	odd4;mixed7
27558	ma hA wyU ho (nA ma sa mA dhi:	7.5	odd4;mixed7
43461	~~gtsug tor nas byung ba'i gdugs dkar mo can gzhan gyis mi thub pa zhes bya ba'i nye bar bshad pa	7.3	len97;odd2;mixed7
30160	(a'arya) DA ki nI wa dzra pany dza ra ma hA tan tra rA dza kal pa nA ma mu kha ban dha	7.3	len86;odd2;mixed8
63816	~~stong phrag nyi shu lnga pa'i man ngag gi bstan bcos mngon par rtogs pa'i rgyan gyi 'grel pa	7.2	len94;odd2;mixed7
41232	mda' gnam rgyang du 'phangs ('phags) pa'am mda' rtse mo gyen du bstan te 'phangs pa	7.2	len83;odd2;mixed8
105166	aa dhva ryu	7.0	odd4;mixed6
105165	aa dhva ra	7.0	odd4;mixed6
71608	glal ba = g-yal ba	7.0	odd4;mixed6
69051	skyo bsangs ma <ku re>	7.0	odd4;mixed6
67057	aa shva gan dha	7.0	odd4;mixed6
61119	~~ (ra) mdzad pa	7.0	odd4;mixed6
58839	de la'ang mi khro ~~ni gnas min ~~ smad pa'i gnas	7.0	odd4;mixed6
56009	tshogs su 'gyur [ba	7.0	odd4;mixed6
55803	mi g-yo ba'i ~~	7.0	odd4;mixed6
53454	ma mngon par zhen pa (med ?)	7.0	odd4;mixed6
52680	dbyug gum (gu ma) spun gsum	7.0	odd4;mixed6
49696	spre'u brgyad pa mi g-yo ba ~~	7.0	odd4;mixed6
48689	mi g-yo sngon po ~~	7.0	odd4;mixed6
43318	(de bzhin dpa' bo) rdo rje dpal	7.0	odd4;mixed6
38188	chos gos kyi grva nas ~~	7.0	odd4;mixed6
37594	rta mgrin shva na bzhi skor ~~	7.0	odd4;mixed6
37314	mchod (pa bya ba)	7.0	odd4;mixed6
36624	chen por gyur [pa	7.0	odd4;mixed6
35699	co to (co do)	7.0	odd4;mixed6
29571	khon (du 'dzin pa)	7.0	odd4;mixed6
29290	aan ta: pU ti ra wa sru tA	7.0	odd4;mixed6
29158	kha drang du mi btub (mi rang ba)	7.0	odd4;mixed6
28527	ya dvA ta dvA pra ti prA bhri tam	7.0	odd4;mixed6
28166	sko sko (ko ko) glang po che'i lta bu	7.0	odd4;mixed6
27535	aar ha dva dha	7.0	odd4;mixed6
27501	mi g-yo ba sngon po ~~	7.0	odd4;mixed6
26729	aa wa lo ki te shva ra	7.0	odd4;mixed6
26452	kam ba la dang aa shva ta ra gnyis	7.0	odd4;mixed6
26354	ka ku da: kA tyA ya na:	7.0	odd4;mixed6
48204	~~dpal rdo rje phreng ba mngon par brjod pa rgyud thams cad kyi snying po gsang ba rnam par phye ba	7.0	len99;odd2;mixed6
46392	~~thams cad bzod pa'i lus len pas sems can gyi khams thams cad yongs su mi gtong ba rnams	7.0	len89;odd2;mixed7
43388	~~bdun gyi sngon gyi smon lam gyi khyad par rgyas pa'i gzungs bklag pa'i cho ga mdo sde las btus pa	7.0	len99;odd2;mixed6
49466	~~dbang phyug gi gsang ba'i mdzod thogs pa med pa'i yid bzhin gyi 'khor lo'i snying po	6.8	len86;odd2;mixed7
51664	~~spyod pa la 'jug pa'i rtogs par dka' ba'i gnas gtan la dbab pa zhes bya ba'i gzhung	6.8	len85;odd2;mixed7
63842	~~'i man ngag gi bstan bcos mngon par rtogs pa'i rgyan gyi tshig le'ur byas pa'i 'grel bshad tshig rab tu gsal ba	6.7	len113;odd2;mixed4
64492	~~dang mnyam par sbyor ba mkha' 'gro ma sgyu ma bde mchog gi bgrel pa mnyam sbyor gyi rgyan	6.5	len91;odd2;mixed6
43346	~~thams cad kyi dgongs pa bla na med pa gsang ba rta mchog rol pa'i rgyud chen po	6.5	len81;odd2;mixed7
36930	chos thams cad ni rgyus (kyis) nye bar 'gro ba ste bsgrub pas nye bar gnas pa'i mtshan nyid	6.5	len91;odd2;mixed6
105589	ae ma kva ye	6.5	odd4;mixed5
101551	sha sbar	6.5	odd4;mixed5
66640	lha mang dag gis snyan grags (pa) = lha mang snyan grags	6.5	odd4;mixed5
64544	sangs rgyas sman bla bee D'rya yi 'od	6.5	stack3;odd2;mixed3
62861	legs par grub par byed pa'i ~~rgyud chen po las sgrub pa'i thabs rim par phye pa	6.5	len80;odd2;mixed7
62763	lus tha dad la 'du shes gcig pa dag dper na tshangs ri(g)s kyi lha dag dang po 'byung ba'o	6.5	len90;odd2;mixed6
58113	za za (ma ?)	6.5	odd4;mixed5
52246	blo rnam par gdon mi za ba (ma ?)	6.5	odd4;mixed5
43443	~~snying po yi ge brgya pa'i bsrung ba dang sdig pa bshags pa'i cho ga	6.5	len70;odd2;mixed8
43358	~~thams cad kyi byin gyis brlabs kyi snying po gsang ba ring bsrel gyi za ma tog	6.5	len80;odd2;mixed7
37385	lo bcu (?) drug tu ~~	6.5	odd4;mixed5
37244	mchog tu mdzes par gshegs (pa) = mchog tu	6.5	odd4;mixed5
28613	aa poo ra She ya	6.5	odd4;mixed5
28084	aa pra ti sa ma: kA ye na	6.5	odd4;mixed5
64493	~~dang mnyam par sbyor ba mkha' 'gro ma sgyu ma bde ba'i mchog ces bya ba'i rgyud phyi ma	6.5	len89;odd2;mixed6
64491	~~dang mnyam par sbyor ba mkha' 'gro sgyu ma bde mchog gi rgyud kyi don rnam par bshad pa	6.5	len89;odd2;mixed6
43361	~~thams cad kyi gtsug tor nas byung ba'i gdugs dkar mo'i gzungs kyi sgrub thabs	6.5	len79;odd2;mixed7
43360	~~thams cad kyi gtsug tor nas byung ba gdugs dkar mo can zhes bya ba'i 'grel pa	6.5	len79;odd2;mixed7
63809	~~brgyad stong pa'i bshad pa mngon par rtogs pa'i rgyan gyi snang ba	6.4	len68;odd2;mixed8
43347	~~thams cad kyi dgongs pa yongs su rdzogs par byed pa'i ye shes kyi phyag rgya	6.4	len78;odd2;mixed7
43147	~~zhes bya ba bde bar gshegs pa'i bka' ma lus pa mdor bsdus te bshad pa'i rab tu byed pa	6.4	len88;odd2;mixed6
41083	sangs rgyas rnams dang de yi sras shes rab chen pos gang brtags shing bdag nyid kyis kyang brtag … ~~ de la bshol du ci zhig yod	6.4	len128;odd2;mixed2
64748	seng ge rnam par bsgyings ('gyings) pa zhes bya ba'i ting nge 'dzin	6.3	len67;odd2;mixed9
59553	yi dvags dang sha za dang grul bum dang srul po rnams rnam par sbyong zhing sel ba'i sgrub thabs	6.3	len96;odd2;mixed5
48218	~~thams cad kyi de kho na nyid snang ba zhes bya ba rnams kyi rdo rje'i mgur	6.3	len76;odd2;mixed7
43460	~~gtsug tor nas byung ba'i gdugs dkar mo can zhes bya ba'i gzungs kyi cho ga	6.3	len76;odd2;mixed7
30159	~~zhes bya ba'i rgyud kyi rgyal po chen po'i brtag pa dang po'i rgyal po'i bshad sbyar	6.3	len86;odd2;mixed6
62356	~~zhes bya ba theg pa chen po'i mdo'i 'grel pa de bzhin gshegs pa'i snying po'i rgyan	6.2	len85;odd2;mixed6
54191	~~'i gter mdzod yongs su gang ba'i glu zhes bya ba gnyug ma'i de nyid rab tu ston pa'i rgya cher bshad pa	6.2	len105;odd2;mixed4
63827	~~'bum pa dang nyi khri lnga stong pa dang khri brgyad stong pa'i rgya cher bshad pa	6.2	len84;odd2;mixed6
50177	phyag dang zhabs dpal gyi be'u dang bkra shis dang g-yung drung 'khyil bas brgyan pa	6.2	len84;odd2;mixed6
48914	dpal ldan dri ma dang bral ba'i 'od kyi rgyud la 'jug pa'i bshad sbyar mi g-yo ba'i snying po snang ba	6.1	len102;odd2;mixed4
50723	~~dbang phyug gis dge slong rab gsal gzhon nu la springs pa'i phrin yig	6.0	len71;odd2;mixed7
49463	~~dbang phyug gi mtshan brgya rtsa brgyad pa gzungs sngags dang bcas pa	6.0	len71;odd2;mixed7
43349	~~thams cad kyi chos kyi tshig spros pa med pa'i ye shes kyi phyag rgya	6.0	len71;odd2;mixed7
41839	~~drang srong gar gas ltas kyi rnam pa bstan pa zhes bya ba'i gtsug lag	6.0	len71;odd2;mixed7
34622	~~gzi brjid kyi rgyal po zhes bya ba cho ga zhib mo'i rgyal po chen po'i rgya cher 'grel pa	6.0	len91;odd2;mixed5
105416	aashvattha'i rtsa	6.0	odd2;mixed12
105415	aashvattha thos	6.0	odd2;mixed10
105414	a'ashvattha	6.0	odd2;mixed11
105413	aashvattha	6.0	odd2;mixed10
105408	aashma'i me tog	6.0	odd2;mixed8
103143	sems g-yengaM?? 'khrugs	6.0	odd2;mixed10
102648	sa 'tsho(sa) byin	6.0	odd2;mixed9
102145	shu sgra sgrog+gas??	6.0	odd2;mixed11
93924	!!mtshon cha can	6.0	odd2;mixed8
92434	tsag =btsagtsag tsag byed par 'gyur ba dang	6.0	odd2;mixed10
92203	sman gyi bla beeDUrya'i 'od	6.0	odd2;mixed10
87344	phri shi kha li =brishtsi ka li	6.0	odd2;mixed9
83708	bsdam pa=bsdams pa	6.0	odd2;mixed9
81980	dhvAMkSha	6.0	odd2;mixed9
81091	dul ba['i]lha	6.0	odd2;mixed9
76112	chos dang chos min (gyi)rang bzhin	6.0	odd2;mixed9
73724	nga rgyal las kyang ngagyal??	6.0	odd2;mixed9
71873	dga' ma'i bdag (!!ba'i!!)	6.0	odd2;mixed10
71494	gla rngan bya dga'i chu yi thagis??	6.0	odd2;mixed8
70589	'khrug(sa)par(ma) mi 'gyur	6.0	odd2;mixed17
70486	!!'khyad nas	6.0	odd2;mixed8
70392	'khor gyi ('??)khyams	6.0	odd2;mixed11
70385	('a)khon du 'dzin pa	6.0	odd2;mixed8
70329	mkhyen yang mi 'dri(ba)	6.0	odd2;mixed8
70327	mkhyen bzhin du 'dri(ba)	6.0	odd2;mixed8
70320	mkhyud ('khyud)nas ldang ba'i ma ning	6.0	odd2;mixed11
70115	khru lnga (las)lhags pa	6.0	odd2;mixed10
69892	khyim brtag(sa) pa'i dpyad	6.0	odd2;mixed9
69779	khong(sa) shig	6.0	odd2;mixed9
69578	khams gsum gyi (pa'i)rim pa	6.0	odd2;mixed9
69416	kha don(ton)byang ba	6.0	odd2;mixed13
69197	brkur bcug(sa) pa	6.0	odd2;mixed8
69134	skra breg(sa)	6.0	odd2;mixed8
68805	skye 'chi med='chi 'pho med	6.0	odd2;mixed8
68704	skya (ba)seng gi bu	6.0	odd2;mixed8
68700	skya reng(sa) shar ba	6.0	odd2;mixed8
68698	skya reng(sa) bar ma	6.0	odd2;mixed8
68696	skya reng(sa) dang po shar ba	6.0	odd2;mixed8
68695	skya reng(sa) tha ma	6.0	odd2;mixed8
68684	skya mda'=skya reng	6.0	odd2;mixed9
68677	skor (bskor)gyur cig	6.0	odd2;mixed11
68656	skong(sa)	6.0	odd2;mixed9
68533	skar ma'i dpyad(spyad)	6.0	odd2;mixed12
68532	skar ma la dgyes(pa)	6.0	odd2;mixed9
68217	bkra yas=bkra yar	6.0	odd2;mixed8
68194	bkod pa mdzes(pa)	6.0	odd2;mixed9
68118	dkre=pho mtshan gyi tog	6.0	odd2;mixed8
68105	dkrigs phrag chen po=dkrigs chen po	6.0	odd2;mixed9
68103	dkrigs pa phrag brgya na mi 'khrug(sa) pa zhes bya'o	6.0	odd2;mixed10
68082	dkos thag=nyam(sa) thag	6.0	odd2;mixed13
68080	dkor 'drub (bsrubs)pa	6.0	odd2;mixed10
68070	dku ma rnyongs (snyongs)pa	6.0	odd2;mixed11
67937	klu mo las byed ma ('khor!!)	6.0	odd2;mixed9
67918	kling ma=gling ma	6.0	odd2;mixed8
67897	kroonytsa 'i ri yi lam	6.0	odd2;mixed9
67896	kroonytsa	6.0	odd2;mixed9
67697	kun nas gzang=dpal gyi lo ma	6.0	odd2;mixed10
67660	kun tu (ba)srungs pa	6.0	odd2;mixed10
67633	kun tu ga(ba)tses pa	6.0	odd2;mixed10
67377	karka ta (!!??Ta)	6.0	odd2;mixed8
67374	kva'i=kva yi	6.0	odd2;mixed9
67044	~~'phral du nyams su myong ba'i sgrub thabs	6.0	odd2;mixed8
67042	aa ra pa tsa na 'jam dbyangs ~~	6.0	odd4;mixed4
67003	aa chu	6.0	odd4;mixed4
66779	~~bstobs pa	6.0	odd2;mixed8
66494	(b)slebs sleb pa	6.0	odd2;mixed8
66466	bslab pa rin po che rnam pa gsum--tshul khrims	6.0	odd2;mixed11
66451	(b)slang slong ba	6.0	odd2;mixed8
66425	(b)srungs shig	6.0	odd2;mixed9
66414	(b)srung bar byed	6.0	odd2;mixed8
66334	~~bsnyengs pa med	6.0	odd2;mixed10
66237	~~mtshungs med dpal byin zhabs	6.0	odd2;mixed10
66236	~~phreng thogs zhabs	6.0	odd2;mixed8
65935	~~'phreng	6.0	odd2;mixed9
65904	'jam dbyangs chos dbyings ~~brgyad pa	6.0	odd2;mixed8
65712	(b)slang	6.0	odd2;mixed8
65697	(b)slu(s)	6.0	odd2;mixed9
65659	chos smra ba'i ~~'brang ba	6.0	odd2;mixed8
65637	srong(s) srong ba	6.0	odd2;mixed8
65607	~~spangs par gyur pa nas	6.0	odd2;mixed8
65596	(b)sro(s)	6.0	odd2;mixed9
65563	(b)sreg(s)	6.0	odd2;mixed10
65529	sems kyi rma lta cis mi srung (bsrung)	6.0	odd2;mixed8
65369	sra brkyang chung (phyung) ba	6.0	odd2;mixed8
65209	~~'phags pa'i ye shes kyi tshig	6.0	odd2;mixed8
65208	~~'phags pa'i chos	6.0	odd2;mixed8
65121	~~sbyang ba'i lam 'bras	6.0	odd2;mixed8
64899	sems (b)sgyur ba	6.0	odd2;mixed8
64762	~~bshams pa la	6.0	odd2;mixed8
64761	~~bshams pa	6.0	odd2;mixed8
64742	~~gzungs	6.0	odd2;mixed8
64499	~~brtson pa dang ldan par gyur	6.0	odd2;mixed8
64388	'jam dbyangs aa ra pa tsa na dmar ser ~~	6.0	odd4;mixed4
64250	sa steng(s) dpal	6.0	odd2;mixed8
64195	(b)shom(s) shom pa	6.0	odd2;mixed10
64117	bshad (b)rgyud	6.0	odd2;mixed8
64037	~~maNDal du mchod pa'i cho ga	6.0	odd2;mixed8
63961	shong(s) shong ba	6.0	odd2;mixed8
63960	shong(s)	6.0	odd2;mixed8
63879	~~'phags pa dgyes	6.0	odd2;mixed8
63808	~~brgyad stong pa'i gzungs	6.0	odd2;mixed8
63807	~~brgyad stong pa'i 'grel pa gnad kyi zla ba'i 'od	6.0	odd2;mixed8
63806	~~brgyad stong pa'i dka' 'grel snying po mchog	6.0	odd2;mixed8
63805	~~brgyad stong pa	6.0	odd2;mixed8
63689	(b)shum(s)	6.0	odd2;mixed10
63662	(b)shu(s)	6.0	odd2;mixed9
63240	shAkya('i) blo	6.0	odd2;mixed10
62824	lus (b)srungs	6.0	odd2;mixed9
62530	~~mkhyen pa'i stobs	6.0	odd2;mixed8
62453	lam rgya gtso bo rnam gsum--nges 'byung	6.0	odd2;mixed10
62321	lag pa mi skyog (bskyod)	6.0	odd2;mixed8
62219	brlang(s) po	6.0	odd2;mixed9
62185	~~'tshubs pa	6.0	odd2;mixed9
62086	~~bsrang nas	6.0	odd2;mixed8
61811	nor bu ~~'byung ba'i sgo	6.0	odd2;mixed8
61810	rin po che beeDUrya	6.0	odd2;mixed8
61763	rin chen (b)rtsegs pa	6.0	odd2;mixed9
61549	~~lnga'i ming la	6.0	odd2;mixed8
60775	~~tshang pa	6.0	odd2;mixed8
60731	~~snang ba'i yul dngos po yod pa dang dngos po med pa yongs su shes pa	6.0	len70;odd2;mixed7
60483	~~rdzogs	6.0	odd2;mixed8
60437	~~brtson 'grus mtshan	6.0	odd2;mixed8
60414	~~tshogs dbang mchog	6.0	odd2;mixed8
60413	~~tshangs pa'i tog	6.0	odd2;mixed9
60366	yod pa srid pa('ang) min	6.0	odd2;mixed8
60119	yongs su (b)sgrub po	6.0	odd2;mixed8
59881	~~mdangs 'gro che	6.0	odd2;mixed8
59782	yul 'khor bsrung(s)	6.0	odd2;mixed9
59558	kun tu~~'gyur	6.0	odd2;mixed9
59186	~~mthong bas skyo bar 'gyur ro	6.0	odd2;mixed8
59109	'od (b)srungs chen po	6.0	odd2;mixed9
58878	bzlug zlug(sa) pa	6.0	odd2;mixed8
58730	gzeng(s) bstod	6.0	odd2;mixed8
58041	bzhin 'jigs su rung bar (b)sgyur ba	6.0	odd2;mixed8
57394	dpal mgon ~~bsnyen dus dang 'brel ba	6.0	odd2;mixed8
57311	nor bu rin po che ~~'byung ba'i sgo	6.0	odd2;mixed8
57299	(b)rdzes rdze ba	6.0	odd2;mixed8
57294	(b)rdzus rdzu ba	6.0	odd2;mixed8
57288	(b)rdzi(s) rdzi ba	6.0	odd2;mixed10
57285	(b)rdzangs rdzong ba	6.0	odd2;mixed10
57284	(b)rdzang rdzong ba	6.0	odd2;mixed9
57281	rdzong (b)srungs	6.0	odd2;mixed9
57254	~~tshogs can 'od	6.0	odd2;mixed8
57253	~~brtson 'grus sbyin	6.0	odd2;mixed8
57235	(b)rdze(s)	6.0	odd2;mixed10
57231	(b)rdzu(s)	6.0	odd2;mixed10
57230	rdzu ba (b)rdzus	6.0	odd2;mixed8
57206	(b)rdzi(s)	6.0	odd2;mixed10
57096	'dzam gling rgyan drug --'phags pa lha	6.0	odd2;mixed8
56932	(b)rtsong(s) rtseng ba	6.0	odd2;mixed12
56905	(b)rtsig(s) rtsig pa	6.0	odd2;mixed11
56801	(b)rtsong(s)	6.0	odd2;mixed12
56794	rtse gsum kha gdeng (gdengs)	6.0	odd2;mixed8
56786	~~mtshon pa'i chos brgyad	6.0	odd2;mixed8
56767	rtsub(s) pa	6.0	odd2;mixed8
56734	(b)rtsig(s)	6.0	odd2;mixed11
56670	rtsa mkhris ('khris)	6.0	odd2;mixed8
56548	gtsug(s) 'dzugs pa	6.0	odd2;mixed8
56480	khab kyis ~~(btsags)	6.0	odd2;mixed10
56266	~~dbyangs ngag snyan pa che	6.0	odd2;mixed9
56260	~~mkhyen pa 'brug sgra'i dbyangs	6.0	odd2;mixed8
56173	mtshan mo nam mnangs (langs?) pa'i tshe	6.0	odd2;mixed8
56074	~~mtshang 'bru mi byed dang	6.0	odd2;mixed9
55694	tshig brlang(s) pos zher 'debs pa	6.0	odd2;mixed9
55585	tshabs 'tshab(s) pa	6.0	odd2;mixed9
55205	sman gyi bla beeDUrya'i 'od kyi rgyal po	6.0	odd2;mixed10
54232	~~'khrugs pa med	6.0	odd2;mixed9
54160	mi rtsub(s) pa	6.0	odd2;mixed8
53700	~~'phrog pa	6.0	odd2;mixed8
53588	ma byung ba las (')byung ba	6.0	odd2;mixed8
53160	sbungs (sbungs) pa'i dngos po med pa	6.0	odd2;mixed8
53054	~~dbyangs	6.0	odd2;mixed9
53053	~~bsgrags pa'i dbyangs	6.0	odd2;mixed9
52573	~~'greng ba	6.0	odd2;mixed8
52146	bla ma meetri'i glu	6.0	odd2;mixed8
51801	~~bzhi'i ming la	6.0	odd2;mixed8
51762	byas pa (')tshor ba	6.0	odd2;mixed8
51710	byad bzang(s) mo	6.0	odd2;mixed8
51678	~~gzungs kyi ming la	6.0	odd2;mixed8
51677	~~tshogs chen po dang yang thabs cig	6.0	odd2;mixed8
51636	~~'byung ba'i sgo	6.0	odd2;mixed8
51633	~~spyi'i mtshan la sogs pa'i ming la	6.0	odd2;mixed8
51556	~~bskyed pa dang yi dam blang ba'i cho ga	6.0	odd2;mixed8
51541	~~dgongs pa'i 'grel pa khyad par gsal byed	6.0	odd2;mixed8
51393	~~'dra'i spu 'od dkar rnams kyis	6.0	odd2;mixed8
51392	~~snying	6.0	odd2;mixed8
51109	bag mar blang(s) pa	6.0	odd2;mixed8
50554	phyogs dang phyogs 'tsham (mtshams) kyi ming la	6.0	odd2;mixed9
50501	~~spungs nas	6.0	odd2;mixed8
50409	phyir ma blangs (slangs) par spyod pa	6.0	odd2;mixed8
50151	~~brda'i brgyud pa	6.0	odd2;mixed8
49830	phag (')tshong ba	6.0	odd2;mixed9
49740	pha ma'i rigs bdun (b)rgyud tshun chad	6.0	odd2;mixed8
49672	sprin (')byung	6.0	odd2;mixed8
49594	spyod yul gyis mi 'phrog(s) pa	6.0	odd2;mixed9
49455	~~padma'i phyag	6.0	odd2;mixed9
49408	~~sbrang rtsi'i zhal	6.0	odd2;mixed8
49295	spong(s) spong ba	6.0	odd2;mixed8
49201	~~phyogs bzang zhabs	6.0	odd2;mixed8
49074	~~rdzogs ldan che	6.0	odd2;mixed8
48800	~~'byung ba zhes bya ba'i dkyil 'khor gyi cho ga	6.0	odd2;mixed8
48444	snod rnying (snying) khyer ba	6.0	odd2;mixed8
48241	~~bzhi'i kha sbyor gyi rgyud	6.0	odd2;mixed8
47809	rnam par mngon par (b)sgrub pa zhes bya ba'i ting nge 'dzin	6.0	odd2;mixed8
47803	rnam par bsgyings ('gyings) pa	6.0	odd2;mixed9
47798	rnam par sgyur (bsgyur) ba	6.0	odd2;mixed8
47671	~~mtshungs med bdud rtsi'i 'od	6.0	odd2;mixed10
47670	~~mtshungs med 'jam pa'i dbyangs	6.0	odd2;mixed10
47669	~~tshogs can bzang po rgyal	6.0	odd2;mixed8
47660	~~dbyangs ni snyan pa can	6.0	odd2;mixed9
47653	~~padma'i snying po'i mtshan	6.0	odd2;mixed9
47640	~~rnyogs pa med pa'i don	6.0	odd2;mixed8
47548	rnam skrag ('khrugs)	6.0	odd2;mixed9
47279	~~spangs pa	6.0	odd2;mixed8
47277	~~snying po la yod pa lta bu spangs pa	6.0	odd2;mixed8
47258	gnas kyi dbang phyug ma ao rgyan sgrol ma ~~	6.0	odd4;mixed4
47227	gnang(s) gnang ba	6.0	odd2;mixed8
47181	nor bu rin po che beeDUrya 'byung ba'i sgo	6.0	odd2;mixed8
47180	nor bu rin po che beeDUrya	6.0	odd2;mixed8
46786	nags tshal brtag(s) pa las gyur pa	6.0	odd2;mixed8
46679	(b)sdoms te spong ba	6.0	odd2;mixed8
46623	bsdam(s) par bya ba	6.0	odd2;mixed8
46589	(b)rdung bar 'gyur	6.0	odd2;mixed8
46159	~~'byung ba zhes bya ba'i sgrub pa'i thabs	6.0	odd2;mixed8
45998	~~bzhi'i sgrub thabs	6.0	odd2;mixed8
45862	~~padma'i mdzod chen po	6.0	odd2;mixed9
45831	(b)rdung(s)	6.0	odd2;mixed11
45746	~~padma'i dpal	6.0	odd2;mixed9
45726	drong(s)	6.0	odd2;mixed8
45532	'dod khams kyi lha brgyad--	6.0	odd2;mixed8
45361	~~rgyang ring yongs su spong byed cing	6.0	odd2;mixed8
44981	~~mtshungs med smrang 'don zhabs	6.0	odd2;mixed10
44980	~~mtshungs med blo yangs zhabs	6.0	odd2;mixed10
44979	~~mtshungs med rnam par 'byes	6.0	odd2;mixed10
44978	~~mtshungs med grags pa'i dpal	6.0	odd2;mixed10
44921	~~tshigs brtan zhabs	6.0	odd2;mixed8
44920	~~tshangs pa'i dbyig	6.0	odd2;mixed9
44862	~~tshogs chen gnyis rdzogs dpal dgyes che	6.0	odd2;mixed8
44857	~~bsnyengs dang bral ba'i zhabs	6.0	odd2;mixed10
44814	~~gzhung rnam par 'byed pa'i tshig le'ur byas pa	6.0	odd2;mixed8
44813	~~tshangs pas byin	6.0	odd2;mixed9
43927	~~gzeg(s) zan	6.0	odd2;mixed9
43540	~~tshogs chen gtso	6.0	odd2;mixed8
43465	~~mtshan brjod bskal bzang rgyan gyi phreng ba	6.0	odd2;mixed8
43464	~~mtshan	6.0	odd2;mixed8
43444	~~snying po'i mdo	6.0	odd2;mixed8
43442	~~snying po	6.0	odd2;mixed8
43441	~~snying rje chen po bstan pa	6.0	odd2;mixed8
43408	~~tshems can mtshan	6.0	odd2;mixed8
43407	~~tshangs pa'i lha	6.0	odd2;mixed9
43402	~~dbyangs byin zhabs	6.0	odd2;mixed9
43399	~~spyi'i snying po rjes su dran pa'i gzungs	6.0	odd2;mixed8
43391	~~mdangs stobs che	6.0	odd2;mixed8
43380	~~mthong ba	6.0	odd2;mixed8
43338	~~bsnyangs med zhabs	6.0	odd2;mixed10
43334	~~lnga'i phyag rgya rnam par bshad pa	6.0	odd2;mixed8
43333	~~lnga'i bkra shis tshigs su bcad pa	6.0	odd2;mixed8
42691	~~bskyed pa la 'jug pa'i phyag rgya	6.0	odd2;mixed8
41882	~~tshangs pa'i dbyangs	6.0	odd2;mixed9
41757	~~tshangs pa thub	6.0	odd2;mixed9
41755	~~'phags ma sgrol ma'i sgrub thabs spyi'i mngon par rtogs pa	6.0	odd2;mixed8
41701	thing(s) 'ding ba	6.0	odd2;mixed8
41446	thag bzang(s) ris	6.0	odd2;mixed8
41239	bstan bcos las (')byung ba rnams	6.0	odd2;mixed8
41018	~~dbyangs chen po	6.0	odd2;mixed9
40548	~~'ching	6.0	odd2;mixed8
40395	~~bgrang ba'i sgo nas sems gnas par bya ba'i thabs	6.0	odd2;mixed8
40318	rtag tu lag brkyang(s)	6.0	odd2;mixed10
40317	rtag tu g-yeng(s) 'gyur ba	6.0	odd2;mixed9
40129	gtol po'i bu mo byad bzang(s) mo	6.0	odd2;mixed8
40072	bzhi po 'di dag ni byang chub sems dpa'i~~ste	6.0	odd2;mixed10
39792	bsnyoms snyom(s) pa	6.0	odd2;mixed8
39791	bsnyom snyom(s) pa	6.0	odd2;mixed8
39781	bsnyems snyem(s) pa	6.0	odd2;mixed8
39748	bsnyegs snyeg(s) pa	6.0	odd2;mixed8
39747	bsnyeg snyeg(s) pa	6.0	odd2;mixed8
39718	(b)rnyis rnyid pa	6.0	odd2;mixed8
39685	snyom(s) par 'jug pa	6.0	odd2;mixed8
39667	snyeg(s) pa	6.0	odd2;mixed8
39434	rnyed pas rnyed pa sgrub (bsgrub) pa	6.0	odd2;mixed8
39391	mnyung (smyung)	6.0	odd2;mixed8
38930	nye bar brtag(s) pa	6.0	odd2;mixed8
38911	nye bar (b)sgyur ba	6.0	odd2;mixed8
38909	nye bar sgrub par bgyi('o)	6.0	odd2;mixed8
38754	nyi ma'i khyim ('khyims) pa	6.0	odd2;mixed9
38443	rjes su (b)srung ba	6.0	odd2;mixed8
38119	'jigs su rung bar (b)sgyur ba	6.0	odd2;mixed8
37932	'jig rten pa'i don ma yin par (')byung ba	6.0	odd2;mixed8
37820	'jig rten gyi khams rab 'byam(s) thams cad	6.0	odd2;mixed8
37609	mgo ~~brtags te	6.0	odd2;mixed8
37475	'chib(s) pa	6.0	odd2;mixed8
37382	chong(s)	6.0	odd2;mixed8
37380	'chag(s) sar byas pa	6.0	odd2;mixed8
37283	mchod rten gyi cha dbye ba 'dul ba las byung ba'iMmdo	6.0	odd2;mixed8
37027	'jam dbyangs ~~brgyad pa	6.0	odd2;mixed8
36841	chos gos ha cang brdzes (rtsengs) pa ma yin pa	6.0	odd2;mixed9
36822	chos skyob(s)	6.0	odd2;mixed8
36706	chol zangs (bzangs)	6.0	odd2;mixed8
36690	chong(s) 'chang ba	6.0	odd2;mixed8
36337	chibs 'chib(s) pa	6.0	odd2;mixed8
36231	chang (')tshong	6.0	odd2;mixed9
36081	lcags (b)sreg(s)	6.0	odd2;mixed10
36052	lcags kyi rtsa (batsva)	6.0	odd2;mixed8
35888	bcibs 'chib(s) pa	6.0	odd2;mixed8
35887	bcib 'chib(s) pa	6.0	odd2;mixed8
35521	brngub(s) rngub pa	6.0	odd2;mixed9
35428	sngog sngag(s) pa	6.0	odd2;mixed8
35415	sngas nang (tshangs) can	6.0	odd2;mixed9
35404	sngar drangs ('drongs) pa	6.0	odd2;mixed9
35387	sngangs (dngangs) pa	6.0	odd2;mixed9
35312	~~rgyang grags	6.0	odd2;mixed8
34359	(b)sgyur ba'i las	6.0	odd2;mixed8
34342	(b)sgoms pas spang bar bya ba	6.0	odd2;mixed8
34112	sgrag(s)	6.0	odd2;mixed8
34092	sgreng(s) sgreng ba	6.0	odd2;mixed9
34085	sgrub(s) sgrub pa	6.0	odd2;mixed8
34058	sgrub par bgyi('o)	6.0	odd2;mixed8
34036	sgrub(s)	6.0	odd2;mixed8
34018	sgrug(s) sgrug pa	6.0	odd2;mixed8
34017	sgrug(s)	6.0	odd2;mixed8
34014	sgrim(s) sgrim pa	6.0	odd2;mixed8
34013	sgrim(s)	6.0	odd2;mixed8
33986	sgrib(s)	6.0	odd2;mixed8
33979	sgrig(s) sgrig pa	6.0	odd2;mixed8
33978	sgrig(s)	6.0	odd2;mixed8
33866	sgra sgrog(s) par byed pa	6.0	odd2;mixed8
33727	sgong(s) sgong ba	6.0	odd2;mixed8
33726	sgong(s)	6.0	odd2;mixed8
33612	rgyun las bzlog(s) pa	6.0	odd2;mixed8
32392	mgo smyung (mnyung)	6.0	odd2;mixed8
31990	~~sbyangs pa	6.0	odd2;mixed9
31987	~~bskrun pa'i bskyed pa	6.0	odd2;mixed8
31986	~~bskrun pa	6.0	odd2;mixed8
31985	~~bskyed pa	6.0	odd2;mixed8
31835	dga' 'byam ('byams)	6.0	odd2;mixed8
31568	glang po che sa gsrung(bsrung) gi bu	6.0	odd2;mixed14
31467	grong khyer (')phags rgyal	6.0	odd2;mixed8
31247	grags grag pa	6.0	odd2;mixed8
31234	gyos pos bsrung(s) pa	6.0	odd2;mixed9
31074	gos kyi gdang(s)	6.0	odd2;mixed8
30931	gus par bsgrim(s)	6.0	odd2;mixed9
30900	gud nas snon pa~~'ong med na	6.0	odd2;mixed8
30363	aa nu tsa ra rak ta aa mo gha pA sha	6.0	odd4;mixed4
30342	'khor gyi (')khyams	6.0	odd2;mixed9
