# id	kind	status	proposer	created	wylie	value	field	evidence	approver	ruled	comment
pronunciation-2026-08-09-1	pronunciation	pending	prenasal derivation engine (machine)	2026-08-09	skabs 'dir	kamdir		machine-derived: b(s)-coda prenasal collapses to m keeping its labial place (HGM: SKABS 'DIR = kamdir), located by prefix-pronunciation alignment against the corpus; engine baseline says kabdir; review sheet docs/PRENASAL_REGISTER.md			
pronunciation-2026-08-09-2	pronunciation	pending	prenasal derivation engine (machine)	2026-08-09	skabs 'dir dngos su bstan pa'i mtshan nyid ngo bo nyid med pa'i don	kamdir ngu-su tenpay tsennyi ngowo nyimepay dun		machine-derived: b(s)-coda prenasal collapses to m keeping its labial place (HGM: SKABS 'DIR = kamdir), located by prefix-pronunciation alignment against the corpus; engine baseline says kabdir ngu-su tenpay tsennyi ngowo nyimepay dun; review sheet docs/PRENASAL_REGISTER.md			
pronunciation-2026-08-09-3	pronunciation	pending	prenasal derivation engine (machine)	2026-08-09	skabs 'dir bstan	kamdir ten		machine-derived: b(s)-coda prenasal collapses to m keeping its labial place (HGM: SKABS 'DIR = kamdir), located by prefix-pronunciation alignment against the corpus; engine baseline says kabdir ten; review sheet docs/PRENASAL_REGISTER.md			
pronunciation-2026-08-09-4	pronunciation	pending	prenasal derivation engine (machine)	2026-08-09	skabs 'dir bstan gyi yid mngon	kamdir ten gyi yingun		machine-derived: b(s)-coda prenasal collapses to m keeping its labial place (HGM: SKABS 'DIR = kamdir), located by prefix-pronunciation alignment against the corpus; engine baseline says kabdir ten gyi yingun; review sheet docs/PRENASAL_REGISTER.md			
pronunciation-2026-08-09-5	pronunciation	pending	prenasal derivation engine (machine)	2026-08-09	skyabs 'gro'i sdom pa	kyamdroy dompa		machine-derived: b(s)-coda prenasal collapses to m keeping its labial place (HGM: SKABS 'DIR = kamdir), located by prefix-pronunciation alignment against the corpus; engine baseline says kyabdroy dompa; review sheet docs/PRENASAL_REGISTER.md			
pronunciation-2026-08-09-6	pronunciation	pending	prenasal derivation engine (machine)	2026-08-09	khyab 'jug	kyamjuk		machine-derived: b(s)-coda prenasal collapses to m keeping its labial place (HGM: SKABS 'DIR = kamdir), located by prefix-pronunciation alignment against the corpus; engine baseline says kyabjuk; review sheet docs/PRENASAL_REGISTER.md			
pronunciation-2026-08-09-7	pronunciation	pending	prenasal derivation engine (machine)	2026-08-09	khyab 'jug pa	kyamjukpa		machine-derived: b(s)-coda prenasal collapses to m keeping its labial place (HGM: SKABS 'DIR = kamdir), located by prefix-pronunciation alignment against the corpus; engine baseline says kyabjukpa; review sheet docs/PRENASAL_REGISTER.md			
pronunciation-2026-08-09-8	pronunciation	pending	prenasal derivation engine (machine)	2026-08-09	khyab 'brel	kyamdrel		machine-derived: b(s)-coda prenasal collapses to m keeping its labial place (HGM: SKABS 'DIR = kamdir), located by prefix-pronunciation alignment against the corpus; engine baseline says kyabdrel; review sheet docs/PRENASAL_REGISTER.md			
pronunciation-2026-08-09-9	pronunciation	pending	prenasal derivation engine (machine)	2026-08-09	grub 'jug gi blo	drumjuk gi lo		machine-derived: b(s)-coda prenasal collapses to m keeping its labial place (HGM: SKABS 'DIR = kamdir), located by prefix-pronunciation alignment against the corpus; engine baseline says drupjuk gi lo; review sheet docs/PRENASAL_REGISTER.md			
pronunciation-2026-08-09-10	pronunciation	pending	prenasal derivation engine (machine)	2026-08-09	rgyab 'bol	gyambul		machine-derived: b(s)-coda prenasal collapses to m keeping its labial place (HGM: SKABS 'DIR = kamdir), located by prefix-pronunciation alignment against the corpus; engine baseline says gyabbul; review sheet docs/PRENASAL_REGISTER.md			
pronunciation-2026-08-09-11	pronunciation	pending	prenasal derivation engine (machine)	2026-08-09	sgrub 'jug	drumjuk		machine-derived: b(s)-coda prenasal collapses to m keeping its labial place (HGM: SKABS 'DIR = kamdir), located by prefix-pronunciation alignment against the corpus; engine baseline says drubjuk; review sheet docs/PRENASAL_REGISTER.md			
pronunciation-2026-08-09-12	pronunciation	pending	prenasal derivation engine (machine)	2026-08-09	sgrub 'jug gi gang zag	drumjuk gi gangsak		machine-derived: b(s)-coda prenasal collapses to m keeping its labial place (HGM: SKABS 'DIR = kamdir), located by prefix-pronunciation alignment against the corpus; engine baseline says drubjuk gi gangsak; review sheet docs/PRENASAL_REGISTER.md			
pronunciation-2026-08-09-13	pronunciation	pending	prenasal derivation engine (machine)	2026-08-09	sgrub 'jug gi blo	drumjuk gi lo		machine-derived: b(s)-coda prenasal collapses to m keeping its labial place (HGM: SKABS 'DIR = kamdir), located by prefix-pronunciation alignment against the corpus; engine baseline says drubjuk gi lo; review sheet docs/PRENASAL_REGISTER.md			
pronunciation-2026-08-09-14	pronunciation	pending	prenasal derivation engine (machine)	2026-08-09	thob 'gyur	tomgyur		machine-derived: b(s)-coda prenasal collapses to m keeping its labial place (HGM: SKABS 'DIR = kamdir), located by prefix-pronunciation alignment against the corpus; engine baseline says topgyur; review sheet docs/PRENASAL_REGISTER.md			
pronunciation-2026-08-09-15	pronunciation	pending	prenasal derivation engine (machine)	2026-08-09	'thob 'gyur te	tomgyur te		machine-derived: b(s)-coda prenasal collapses to m keeping its labial place (HGM: SKABS 'DIR = kamdir), located by prefix-pronunciation alignment against the corpus; engine baseline says tobgyur te; review sheet docs/PRENASAL_REGISTER.md			
pronunciation-2026-08-09-16	pronunciation	pending	prenasal derivation engine (machine)	2026-08-09	'thob 'dod kyi dad pa	tomdu kyi depa		machine-derived: b(s)-coda prenasal collapses to m keeping its labial place (HGM: SKABS 'DIR = kamdir), located by prefix-pronunciation alignment against the corpus; engine baseline says tobdu kyi depa; review sheet docs/PRENASAL_REGISTER.md			
pronunciation-2026-08-09-17	pronunciation	pending	prenasal derivation engine (machine)	2026-08-09	'thob 'dod kyi 'dun pa	tomdu kyi dunpa		machine-derived: b(s)-coda prenasal collapses to m keeping its labial place (HGM: SKABS 'DIR = kamdir), located by prefix-pronunciation alignment against the corpus; engine baseline says tobdu kyi dunpa; review sheet docs/PRENASAL_REGISTER.md			
pronunciation-2026-08-09-18	pronunciation	pending	prenasal derivation engine (machine)	2026-08-09	'thob 'dod pa'i dad pa	tomdupay depa		machine-derived: b(s)-coda prenasal collapses to m keeping its labial place (HGM: SKABS 'DIR = kamdir), located by prefix-pronunciation alignment against the corpus; engine baseline says tobdupay depa; review sheet docs/PRENASAL_REGISTER.md			
pronunciation-2026-08-09-19	pronunciation	pending	prenasal derivation engine (machine)	2026-08-09	dag pa rab 'gyur	dakpa ramgyur		machine-derived: b(s)-coda prenasal collapses to m keeping its labial place (HGM: SKABS 'DIR = kamdir), located by prefix-pronunciation alignment against the corpus; engine baseline says dakpa rabgyur; review sheet docs/PRENASAL_REGISTER.md			
pronunciation-2026-08-09-20	pronunciation	pending	prenasal derivation engine (machine)	2026-08-09	dag pa rab 'byams	dakpa ramjam		machine-derived: b(s)-coda prenasal collapses to m keeping its labial place (HGM: SKABS 'DIR = kamdir), located by prefix-pronunciation alignment against the corpus; engine baseline says dakpa rabjam; review sheet docs/PRENASAL_REGISTER.md			
pronunciation-2026-08-09-21	pronunciation	pending	prenasal derivation engine (machine)	2026-08-09	tshe dang ldan pa rab 'byor	tse dang denpa ramjor		machine-derived: b(s)-coda prenasal collapses to m keeping its labial place (HGM: SKABS 'DIR = kamdir), located by prefix-pronunciation alignment against the corpus; engine baseline says tse dang denpa rabjor; review sheet docs/PRENASAL_REGISTER.md			
pronunciation-2026-08-09-22	pronunciation	pending	prenasal derivation engine (machine)	2026-08-09	zhabs 'bur mi mngon	shambur mingun		machine-derived: b(s)-coda prenasal collapses to m keeping its labial place (HGM: SKABS 'DIR = kamdir), located by prefix-pronunciation alignment against the corpus; engine baseline says shabbur mingun; review sheet docs/PRENASAL_REGISTER.md			
pronunciation-2026-08-09-23	pronunciation	pending	prenasal derivation engine (machine)	2026-08-09	rab 'jug	ramjuk		machine-derived: b(s)-coda prenasal collapses to m keeping its labial place (HGM: SKABS 'DIR = kamdir), located by prefix-pronunciation alignment against the corpus; engine baseline says rabjuk; review sheet docs/PRENASAL_REGISTER.md			
pronunciation-2026-08-09-24	pronunciation	pending	prenasal derivation engine (machine)	2026-08-09	rab 'das nas	ramde ne		machine-derived: b(s)-coda prenasal collapses to m keeping its labial place (HGM: SKABS 'DIR = kamdir), located by prefix-pronunciation alignment against the corpus; engine baseline says rabde ne; review sheet docs/PRENASAL_REGISTER.md			
pronunciation-2026-08-09-25	pronunciation	pending	prenasal derivation engine (machine)	2026-08-09	rab 'dul	ramdul		machine-derived: b(s)-coda prenasal collapses to m keeping its labial place (HGM: SKABS 'DIR = kamdir), located by prefix-pronunciation alignment against the corpus; engine baseline says rabdul; review sheet docs/PRENASAL_REGISTER.md			
pronunciation-2026-08-09-26	pronunciation	pending	prenasal derivation engine (machine)	2026-08-09	rab 'byams	ramjam		machine-derived: b(s)-coda prenasal collapses to m keeping its labial place (HGM: SKABS 'DIR = kamdir), located by prefix-pronunciation alignment against the corpus; engine baseline says rabjam; review sheet docs/PRENASAL_REGISTER.md			
pronunciation-2026-08-09-27	pronunciation	pending	prenasal derivation engine (machine)	2026-08-09	rab 'byams mkhas pa	ramjam kepa		machine-derived: b(s)-coda prenasal collapses to m keeping its labial place (HGM: SKABS 'DIR = kamdir), located by prefix-pronunciation alignment against the corpus; engine baseline says rabjam kepa; review sheet docs/PRENASAL_REGISTER.md			
pronunciation-2026-08-09-28	pronunciation	pending	prenasal derivation engine (machine)	2026-08-09	rab 'byams pa	ramjampa		machine-derived: b(s)-coda prenasal collapses to m keeping its labial place (HGM: SKABS 'DIR = kamdir), located by prefix-pronunciation alignment against the corpus; engine baseline says rabjampa; review sheet docs/PRENASAL_REGISTER.md			
pronunciation-2026-08-09-29	pronunciation	pending	prenasal derivation engine (machine)	2026-08-09	rab 'byor	ramjor		machine-derived: b(s)-coda prenasal collapses to m keeping its labial place (HGM: SKABS 'DIR = kamdir), located by prefix-pronunciation alignment against the corpus; engine baseline says rabjor; review sheet docs/PRENASAL_REGISTER.md			
pronunciation-2026-08-09-30	pronunciation	pending	prenasal derivation engine (machine)	2026-08-09	rab 'bring tha	ramdring ta		machine-derived: b(s)-coda prenasal collapses to m keeping its labial place (HGM: SKABS 'DIR = kamdir), located by prefix-pronunciation alignment against the corpus; engine baseline says rabdring ta; review sheet docs/PRENASAL_REGISTER.md			
pronunciation-2026-08-09-31	pronunciation	pending	prenasal derivation engine (machine)	2026-08-09	rab 'dzin	ramdzin		machine-derived: b(s)-coda prenasal collapses to m keeping its labial place (HGM: SKABS 'DIR = kamdir), located by prefix-pronunciation alignment against the corpus; engine baseline says rabdzin; review sheet docs/PRENASAL_REGISTER.md			
pronunciation-2026-08-09-32	pronunciation	pending	prenasal derivation engine (machine)	2026-08-09	sems can rab 'dul	semchen ramdul		machine-derived: b(s)-coda prenasal collapses to m keeping its labial place (HGM: SKABS 'DIR = kamdir), located by prefix-pronunciation alignment against the corpus; engine baseline says semchen rabdul; review sheet docs/PRENASAL_REGISTER.md			
pronunciation-2026-08-09-33	pronunciation	pending	prenasal derivation engine (machine)	2026-08-09	skyabs 'gro'i tshig	kyamdroy tsik		machine-derived: b(s)-coda prenasal collapses to m keeping its labial place (HGM: SKABS 'DIR = kamdir), located by prefix-pronunciation alignment against the corpus; engine baseline says kyabdroy tsik; review sheet docs/PRENASAL_REGISTER.md			
pronunciation-2026-08-09-34	pronunciation	pending	prenasal derivation engine (machine)	2026-08-09	skyes bu chung ngu dang thun mong ba'i skyabs 'gro	kyebu chungngu dang tunmongway kyamdro		machine-derived: b(s)-coda prenasal collapses to m keeping its labial place (HGM: SKABS 'DIR = kamdir), located by prefix-pronunciation alignment against the corpus; engine baseline says kyebu chungngu dang tunmongway kyabdro; review sheet docs/PRENASAL_REGISTER.md			
pronunciation-2026-08-09-35	pronunciation	pending	prenasal derivation engine (machine)	2026-08-09	skyes bu chen po dang thun mong ba'i skyabs 'gro	kyebu chenpo dang tunmongway kyamdro		machine-derived: b(s)-coda prenasal collapses to m keeping its labial place (HGM: SKABS 'DIR = kamdir), located by prefix-pronunciation alignment against the corpus; engine baseline says kyebu chenpo dang tunmongway kyabdro; review sheet docs/PRENASAL_REGISTER.md			
pronunciation-2026-08-09-36	pronunciation	pending	prenasal derivation engine (machine)	2026-08-09	skyes bu 'bring dang thun mong ba'i skyabs 'gro	kyebu dring dang tunmongway kyamdro		machine-derived: b(s)-coda prenasal collapses to m keeping its labial place (HGM: SKABS 'DIR = kamdir), located by prefix-pronunciation alignment against the corpus; engine baseline says kyebu dring dang tunmongway kyabdro; review sheet docs/PRENASAL_REGISTER.md			
pronunciation-2026-08-09-37	pronunciation	pending	prenasal derivation engine (machine)	2026-08-09	dbyibs 'dra ba'i	yimdraway		machine-derived: b(s)-coda prenasal collapses to m keeping its labial place (HGM: SKABS 'DIR = kamdir), located by prefix-pronunciation alignment against the corpus; engine baseline says yibdraway; review sheet docs/PRENASAL_REGISTER.md			
pronunciation-2026-08-09-38	pronunciation	pending	prenasal derivation engine (machine)	2026-08-09	rab 'jug byed	ramjuk je		machine-derived: b(s)-coda prenasal collapses to m keeping its labial place (HGM: SKABS 'DIR = kamdir), located by prefix-pronunciation alignment against the corpus; engine baseline says rabjuk je; review sheet docs/PRENASAL_REGISTER.md			
pronunciation-2026-08-09-39	pronunciation	pending	prenasal derivation engine (machine)	2026-08-09	bkab 'gebs pa	kamgeppa		machine-derived: b(s)-coda prenasal collapses to m keeping its labial place (HGM: SKABS 'DIR = kamdir), located by prefix-pronunciation alignment against the corpus; engine baseline says kabgeppa; review sheet docs/PRENASAL_REGISTER.md			
pronunciation-2026-08-09-40	pronunciation	pending	prenasal derivation engine (machine)	2026-08-09	skabs 'gar	kamgar		machine-derived: b(s)-coda prenasal collapses to m keeping its labial place (HGM: SKABS 'DIR = kamdir), located by prefix-pronunciation alignment against the corpus; engine baseline says kabgar; review sheet docs/PRENASAL_REGISTER.md			
pronunciation-2026-08-09-41	pronunciation	pending	prenasal derivation engine (machine)	2026-08-09	skabs 'di la	kamdi la		machine-derived: b(s)-coda prenasal collapses to m keeping its labial place (HGM: SKABS 'DIR = kamdir), located by prefix-pronunciation alignment against the corpus; engine baseline says kabdi la; review sheet docs/PRENASAL_REGISTER.md			
pronunciation-2026-08-09-42	pronunciation	pending	prenasal derivation engine (machine)	2026-08-09	skabs 'byed pa	kamjepa		machine-derived: b(s)-coda prenasal collapses to m keeping its labial place (HGM: SKABS 'DIR = kamdir), located by prefix-pronunciation alignment against the corpus; engine baseline says kabjepa; review sheet docs/PRENASAL_REGISTER.md			
pronunciation-2026-08-09-43	pronunciation	pending	prenasal derivation engine (machine)	2026-08-09	skyabs 'gro ba	kyamdrowa		machine-derived: b(s)-coda prenasal collapses to m keeping its labial place (HGM: SKABS 'DIR = kamdir), located by prefix-pronunciation alignment against the corpus; engine baseline says kyabdrowa; review sheet docs/PRENASAL_REGISTER.md			
pronunciation-2026-08-09-44	pronunciation	pending	prenasal derivation engine (machine)	2026-08-09	skyabs 'gro zhing	kyamdro shing		machine-derived: b(s)-coda prenasal collapses to m keeping its labial place (HGM: SKABS 'DIR = kamdir), located by prefix-pronunciation alignment against the corpus; engine baseline says kyabdro shing; review sheet docs/PRENASAL_REGISTER.md			
pronunciation-2026-08-09-45	pronunciation	pending	prenasal derivation engine (machine)	2026-08-09	skyabs 'gro yan lag drug pa	kyamdro yenlak drukpa		machine-derived: b(s)-coda prenasal collapses to m keeping its labial place (HGM: SKABS 'DIR = kamdir), located by prefix-pronunciation alignment against the corpus; engine baseline says kyabdro yenlak drukpa; review sheet docs/PRENASAL_REGISTER.md			
pronunciation-2026-08-09-46	pronunciation	pending	prenasal derivation engine (machine)	2026-08-09	skyabs 'gro sems bskyed dbang bzhi'i gdams pa	kyamdro semkye wangshiy dampa		machine-derived: b(s)-coda prenasal collapses to m keeping its labial place (HGM: SKABS 'DIR = kamdir), located by prefix-pronunciation alignment against the corpus; engine baseline says kyabdro semkye wangshiy dampa; review sheet docs/PRENASAL_REGISTER.md			
pronunciation-2026-08-09-47	pronunciation	pending	prenasal derivation engine (machine)	2026-08-09	khab 'dzin ma	kamdzin ma		machine-derived: b(s)-coda prenasal collapses to m keeping its labial place (HGM: SKABS 'DIR = kamdir), located by prefix-pronunciation alignment against the corpus; engine baseline says kabdzin ma; review sheet docs/PRENASAL_REGISTER.md			
pronunciation-2026-08-09-48	pronunciation	pending	prenasal derivation engine (machine)	2026-08-09	khob 'gebs pa	komgeppa		machine-derived: b(s)-coda prenasal collapses to m keeping its labial place (HGM: SKABS 'DIR = kamdir), located by prefix-pronunciation alignment against the corpus; engine baseline says kobgeppa; review sheet docs/PRENASAL_REGISTER.md			
pronunciation-2026-08-09-49	pronunciation	pending	prenasal derivation engine (machine)	2026-08-09	khyab 'gyur	kyamgyur		machine-derived: b(s)-coda prenasal collapses to m keeping its labial place (HGM: SKABS 'DIR = kamdir), located by prefix-pronunciation alignment against the corpus; engine baseline says kyabgyur; review sheet docs/PRENASAL_REGISTER.md			
pronunciation-2026-08-09-50	pronunciation	pending	prenasal derivation engine (machine)	2026-08-09	khyab 'gro	kyamdro		machine-derived: b(s)-coda prenasal collapses to m keeping its labial place (HGM: SKABS 'DIR = kamdir), located by prefix-pronunciation alignment against the corpus; engine baseline says kyabdro; review sheet docs/PRENASAL_REGISTER.md			
pronunciation-2026-08-09-51	pronunciation	pending	prenasal derivation engine (machine)	2026-08-09	khyab 'jug rkang	kyamjuk kang		machine-derived: b(s)-coda prenasal collapses to m keeping its labial place (HGM: SKABS 'DIR = kamdir), located by prefix-pronunciation alignment against the corpus; engine baseline says kyabjuk kang; review sheet docs/PRENASAL_REGISTER.md			
pronunciation-2026-08-09-52	pronunciation	pending	prenasal derivation engine (machine)	2026-08-09	khyab 'jug skyes	kyamjuk kye		machine-derived: b(s)-coda prenasal collapses to m keeping its labial place (HGM: SKABS 'DIR = kamdir), located by prefix-pronunciation alignment against the corpus; engine baseline says kyabjuk kye; review sheet docs/PRENASAL_REGISTER.md			
pronunciation-2026-08-09-53	pronunciation	pending	prenasal derivation engine (machine)	2026-08-09	khyab 'jug dga' ma	kyamjuk gama		machine-derived: b(s)-coda prenasal collapses to m keeping its labial place (HGM: SKABS 'DIR = kamdir), located by prefix-pronunciation alignment against the corpus; engine baseline says kyabjuk gama; review sheet docs/PRENASAL_REGISTER.md			
pronunciation-2026-08-09-54	pronunciation	pending	prenasal derivation engine (machine)	2026-08-09	khyab 'jug chung ma	kyamjuk chungma		machine-derived: b(s)-coda prenasal collapses to m keeping its labial place (HGM: SKABS 'DIR = kamdir), located by prefix-pronunciation alignment against the corpus; engine baseline says kyabjuk chungma; review sheet docs/PRENASAL_REGISTER.md			
pronunciation-2026-08-09-55	pronunciation	pending	prenasal derivation engine (machine)	2026-08-09	khyab 'jug gnas	kyamjuk ne		machine-derived: b(s)-coda prenasal collapses to m keeping its labial place (HGM: SKABS 'DIR = kamdir), located by prefix-pronunciation alignment against the corpus; engine baseline says kyabjuk ne; review sheet docs/PRENASAL_REGISTER.md			
pronunciation-2026-08-09-56	pronunciation	pending	prenasal derivation engine (machine)	2026-08-09	khyab 'jug gnon	kyamjuk nun		machine-derived: b(s)-coda prenasal collapses to m keeping its labial place (HGM: SKABS 'DIR = kamdir), located by prefix-pronunciation alignment against the corpus; engine baseline says kyabjuk nun; review sheet docs/PRENASAL_REGISTER.md			
pronunciation-2026-08-09-57	pronunciation	pending	prenasal derivation engine (machine)	2026-08-09	khyab 'jug byin	kyamjuk jin		machine-derived: b(s)-coda prenasal collapses to m keeping its labial place (HGM: SKABS 'DIR = kamdir), located by prefix-pronunciation alignment against the corpus; engine baseline says kyabjuk jin; review sheet docs/PRENASAL_REGISTER.md			
pronunciation-2026-08-09-58	pronunciation	pending	prenasal derivation engine (machine)	2026-08-09	khyab 'jug ma	kyamjuk ma		machine-derived: b(s)-coda prenasal collapses to m keeping its labial place (HGM: SKABS 'DIR = kamdir), located by prefix-pronunciation alignment against the corpus; engine baseline says kyabjuk ma; review sheet docs/PRENASAL_REGISTER.md			
pronunciation-2026-08-09-59	pronunciation	pending	prenasal derivation engine (machine)	2026-08-09	khyab 'jug shing rta	kyamjuk shingta		machine-derived: b(s)-coda prenasal collapses to m keeping its labial place (HGM: SKABS 'DIR = kamdir), located by prefix-pronunciation alignment against the corpus; engine baseline says kyabjuk shingta; review sheet docs/PRENASAL_REGISTER.md			
pronunciation-2026-08-09-60	pronunciation	pending	prenasal derivation engine (machine)	2026-08-09	grib 'grib pa	drimdrippa		machine-derived: b(s)-coda prenasal collapses to m keeping its labial place (HGM: SKABS 'DIR = kamdir), located by prefix-pronunciation alignment against the corpus; engine baseline says dribdrippa; review sheet docs/PRENASAL_REGISTER.md			
pronunciation-2026-08-09-61	pronunciation	pending	prenasal derivation engine (machine)	2026-08-09	dgab 'gebs pa	gamgeppa		machine-derived: b(s)-coda prenasal collapses to m keeping its labial place (HGM: SKABS 'DIR = kamdir), located by prefix-pronunciation alignment against the corpus; engine baseline says gabgeppa; review sheet docs/PRENASAL_REGISTER.md			
pronunciation-2026-08-09-62	pronunciation	pending	prenasal derivation engine (machine)	2026-08-09	bgab 'gebs pa	gamgeppa		machine-derived: b(s)-coda prenasal collapses to m keeping its labial place (HGM: SKABS 'DIR = kamdir), located by prefix-pronunciation alignment against the corpus; engine baseline says gabgeppa; review sheet docs/PRENASAL_REGISTER.md			
pronunciation-2026-08-09-63	pronunciation	pending	prenasal derivation engine (machine)	2026-08-09	'grub 'gyur ba	drumgyurwa		machine-derived: b(s)-coda prenasal collapses to m keeping its labial place (HGM: SKABS 'DIR = kamdir), located by prefix-pronunciation alignment against the corpus; engine baseline says drubgyurwa; review sheet docs/PRENASAL_REGISTER.md			
pronunciation-2026-08-09-64	pronunciation	pending	prenasal derivation engine (machine)	2026-08-09	sgrol ma dngos grub 'byung ma	drul mangu drumjung ma		machine-derived: b(s)-coda prenasal collapses to m keeping its labial place (HGM: SKABS 'DIR = kamdir), located by prefix-pronunciation alignment against the corpus; engine baseline says drul mangu drupjung ma; review sheet docs/PRENASAL_REGISTER.md			
pronunciation-2026-08-09-65	pronunciation	pending	prenasal derivation engine (machine)	2026-08-09	chab 'bangs	chambang		machine-derived: b(s)-coda prenasal collapses to m keeping its labial place (HGM: SKABS 'DIR = kamdir), located by prefix-pronunciation alignment against the corpus; engine baseline says chabbang; review sheet docs/PRENASAL_REGISTER.md			
pronunciation-2026-08-09-66	pronunciation	pending	prenasal derivation engine (machine)	2026-08-09	chos ldan rab 'byor	chunden ramjor		machine-derived: b(s)-coda prenasal collapses to m keeping its labial place (HGM: SKABS 'DIR = kamdir), located by prefix-pronunciation alignment against the corpus; engine baseline says chunden rabjor; review sheet docs/PRENASAL_REGISTER.md			
pronunciation-2026-08-09-67	pronunciation	pending	prenasal derivation engine (machine)	2026-08-09	btab 'debs pa	tamdeppa		machine-derived: b(s)-coda prenasal collapses to m keeping its labial place (HGM: SKABS 'DIR = kamdir), located by prefix-pronunciation alignment against the corpus; engine baseline says tabdeppa; review sheet docs/PRENASAL_REGISTER.md			
pronunciation-2026-08-09-68	pronunciation	pending	prenasal derivation engine (machine)	2026-08-09	stobs 'jig	tomjik		machine-derived: b(s)-coda prenasal collapses to m keeping its labial place (HGM: SKABS 'DIR = kamdir), located by prefix-pronunciation alignment against the corpus; engine baseline says tobjik; review sheet docs/PRENASAL_REGISTER.md			
pronunciation-2026-08-09-69	pronunciation	pending	prenasal derivation engine (machine)	2026-08-09	thob 'debs pa	tomdeppa		machine-derived: b(s)-coda prenasal collapses to m keeping its labial place (HGM: SKABS 'DIR = kamdir), located by prefix-pronunciation alignment against the corpus; engine baseline says topdeppa; review sheet docs/PRENASAL_REGISTER.md			
pronunciation-2026-08-09-70	pronunciation	pending	prenasal derivation engine (machine)	2026-08-09	thob 'dod	tomdu		machine-derived: b(s)-coda prenasal collapses to m keeping its labial place (HGM: SKABS 'DIR = kamdir), located by prefix-pronunciation alignment against the corpus; engine baseline says topdu; review sheet docs/PRENASAL_REGISTER.md			
pronunciation-2026-08-09-71	pronunciation	pending	prenasal derivation engine (machine)	2026-08-09	gdab 'debs pa	damdeppa		machine-derived: b(s)-coda prenasal collapses to m keeping its labial place (HGM: SKABS 'DIR = kamdir), located by prefix-pronunciation alignment against the corpus; engine baseline says dabdeppa; review sheet docs/PRENASAL_REGISTER.md			
pronunciation-2026-08-09-72	pronunciation	pending	prenasal derivation engine (machine)	2026-08-09	~~rdo rje'i snying po rab 'joms dpal	~~rdojey nyingpo ramjom pel		machine-derived: b(s)-coda prenasal collapses to m keeping its labial place (HGM: SKABS 'DIR = kamdir), located by prefix-pronunciation alignment against the corpus; engine baseline says ~~rdojey nyingpo rabjom pel; review sheet docs/PRENASAL_REGISTER.md			
pronunciation-2026-08-09-73	pronunciation	pending	prenasal derivation engine (machine)	2026-08-09	mdangs dang ldan par rab 'gyur zhing	dang dang denpar ramgyur shing		machine-derived: b(s)-coda prenasal collapses to m keeping its labial place (HGM: SKABS 'DIR = kamdir), located by prefix-pronunciation alignment against the corpus; engine baseline says dang dang denpar rabgyur shing; review sheet docs/PRENASAL_REGISTER.md			
pronunciation-2026-08-09-74	pronunciation	pending	prenasal derivation engine (machine)	2026-08-09	'dab 'bum	dambum		machine-derived: b(s)-coda prenasal collapses to m keeping its labial place (HGM: SKABS 'DIR = kamdir), located by prefix-pronunciation alignment against the corpus; engine baseline says dabbum; review sheet docs/PRENASAL_REGISTER.md			
pronunciation-2026-08-09-75	pronunciation	pending	prenasal derivation engine (machine)	2026-08-09	nam mkha' rab 'byams khams kyi mthas gtugs pa	namka ramjam kam kyi tetukpa		machine-derived: b(s)-coda prenasal collapses to m keeping its labial place (HGM: SKABS 'DIR = kamdir), located by prefix-pronunciation alignment against the corpus; engine baseline says namka rabjam kam kyi tetukpa; review sheet docs/PRENASAL_REGISTER.md			
pronunciation-2026-08-09-76	pronunciation	pending	prenasal derivation engine (machine)	2026-08-09	nor lha'i bu ste khyab 'jug gi ming	norhlay bu te kyamjuk gi ming		machine-derived: b(s)-coda prenasal collapses to m keeping its labial place (HGM: SKABS 'DIR = kamdir), located by prefix-pronunciation alignment against the corpus; engine baseline says norhlay bu te kyabjuk gi ming; review sheet docs/PRENASAL_REGISTER.md			
pronunciation-2026-08-09-77	pronunciation	pending	prenasal derivation engine (machine)	2026-08-09	~~'i sgrub pa'i thabs dngos grub 'byung ba'i gter	~~'i druppay tabngu drumjungway ter		machine-derived: b(s)-coda prenasal collapses to m keeping its labial place (HGM: SKABS 'DIR = kamdir), located by prefix-pronunciation alignment against the corpus; engine baseline says ~~'i druppay tabngu drupjungway ter; review sheet docs/PRENASAL_REGISTER.md			
pronunciation-2026-08-09-78	pronunciation	pending	prenasal derivation engine (machine)	2026-08-09	phab 'bebs pa	pambeppa		machine-derived: b(s)-coda prenasal collapses to m keeping its labial place (HGM: SKABS 'DIR = kamdir), located by prefix-pronunciation alignment against the corpus; engine baseline says pabbeppa; review sheet docs/PRENASAL_REGISTER.md			
pronunciation-2026-08-09-79	pronunciation	pending	prenasal derivation engine (machine)	2026-08-09	phas rgol stobs 'joms phyogs glang zhabs	pegul tomjom choklang shap		machine-derived: b(s)-coda prenasal collapses to m keeping its labial place (HGM: SKABS 'DIR = kamdir), located by prefix-pronunciation alignment against the corpus; engine baseline says pegul tobjom choklang shap; review sheet docs/PRENASAL_REGISTER.md			
pronunciation-2026-08-09-80	pronunciation	pending	prenasal derivation engine (machine)	2026-08-09	phub 'bub pa	pumbuppa		machine-derived: b(s)-coda prenasal collapses to m keeping its labial place (HGM: SKABS 'DIR = kamdir), located by prefix-pronunciation alignment against the corpus; engine baseline says pubbuppa; review sheet docs/PRENASAL_REGISTER.md			
pronunciation-2026-08-09-81	pronunciation	pending	prenasal derivation engine (machine)	2026-08-09	phubs 'bubs pa	pumbuppa		machine-derived: b(s)-coda prenasal collapses to m keeping its labial place (HGM: SKABS 'DIR = kamdir), located by prefix-pronunciation alignment against the corpus; engine baseline says pubbuppa; review sheet docs/PRENASAL_REGISTER.md			
pronunciation-2026-08-09-82	pronunciation	pending	prenasal derivation engine (machine)	2026-08-09	phob 'bebs pa	pombeppa		machine-derived: b(s)-coda prenasal collapses to m keeping its labial place (HGM: SKABS 'DIR = kamdir), located by prefix-pronunciation alignment against the corpus; engine baseline says pobbeppa; review sheet docs/PRENASAL_REGISTER.md			
pronunciation-2026-08-09-83	pronunciation	pending	prenasal derivation engine (machine)	2026-08-09	babs 'bab pa	bambappa		machine-derived: b(s)-coda prenasal collapses to m keeping its labial place (HGM: SKABS 'DIR = kamdir), located by prefix-pronunciation alignment against the corpus; engine baseline says babbappa; review sheet docs/PRENASAL_REGISTER.md			
pronunciation-2026-08-09-84	pronunciation	pending	prenasal derivation engine (machine)	2026-08-09	bub 'bub pa	bumbuppa		machine-derived: b(s)-coda prenasal collapses to m keeping its labial place (HGM: SKABS 'DIR = kamdir), located by prefix-pronunciation alignment against the corpus; engine baseline says bubbuppa; review sheet docs/PRENASAL_REGISTER.md			
pronunciation-2026-08-09-85	pronunciation	pending	prenasal derivation engine (machine)	2026-08-09	bubs 'bub pa	bumbuppa		machine-derived: b(s)-coda prenasal collapses to m keeping its labial place (HGM: SKABS 'DIR = kamdir), located by prefix-pronunciation alignment against the corpus; engine baseline says bubbuppa; review sheet docs/PRENASAL_REGISTER.md			
pronunciation-2026-08-09-86	pronunciation	pending	prenasal derivation engine (machine)	2026-08-09	bobs 'bab pa	bombappa		machine-derived: b(s)-coda prenasal collapses to m keeping its labial place (HGM: SKABS 'DIR = kamdir), located by prefix-pronunciation alignment against the corpus; engine baseline says bobbappa; review sheet docs/PRENASAL_REGISTER.md			
pronunciation-2026-08-09-87	pronunciation	pending	prenasal derivation engine (machine)	2026-08-09	brab 'brab pa	dramdrappa		machine-derived: b(s)-coda prenasal collapses to m keeping its labial place (HGM: SKABS 'DIR = kamdir), located by prefix-pronunciation alignment against the corpus; engine baseline says drabdrappa; review sheet docs/PRENASAL_REGISTER.md			
pronunciation-2026-08-09-88	pronunciation	pending	prenasal derivation engine (machine)	2026-08-09	brob 'brab pa	dromdrappa		machine-derived: b(s)-coda prenasal collapses to m keeping its labial place (HGM: SKABS 'DIR = kamdir), located by prefix-pronunciation alignment against the corpus; engine baseline says drobdrappa; review sheet docs/PRENASAL_REGISTER.md			
pronunciation-2026-08-09-89	pronunciation	pending	prenasal derivation engine (machine)	2026-08-09	dbang phyug byed pa po nyid sel ba dang khyab 'jug byed pa po gcig nyid sel bar byed pa	wangchuk jepapo nyiselwa dang kyamjuk jepapo chiknyi selwar jepa		machine-derived: b(s)-coda prenasal collapses to m keeping its labial place (HGM: SKABS 'DIR = kamdir), located by prefix-pronunciation alignment against the corpus; engine baseline says wangchuk jepapo nyiselwa dang kyabjuk jepapo chiknyi selwar jepa; review sheet docs/PRENASAL_REGISTER.md			
pronunciation-2026-08-09-90	pronunciation	pending	prenasal derivation engine (machine)	2026-08-09	dbab 'bebs pa	wambeppa		machine-derived: b(s)-coda prenasal collapses to m keeping its labial place (HGM: SKABS 'DIR = kamdir), located by prefix-pronunciation alignment against the corpus; engine baseline says wabbeppa; review sheet docs/PRENASAL_REGISTER.md			
pronunciation-2026-08-09-91	pronunciation	pending	prenasal derivation engine (machine)	2026-08-09	dbub 'bubs pa	umbuppa		machine-derived: b(s)-coda prenasal collapses to m keeping its labial place (HGM: SKABS 'DIR = kamdir), located by prefix-pronunciation alignment against the corpus; engine baseline says ubbuppa; review sheet docs/PRENASAL_REGISTER.md			
pronunciation-2026-08-09-92	pronunciation	pending	prenasal derivation engine (machine)	2026-08-09	'bob 'bab pa	bombappa		machine-derived: b(s)-coda prenasal collapses to m keeping its labial place (HGM: SKABS 'DIR = kamdir), located by prefix-pronunciation alignment against the corpus; engine baseline says bobbappa; review sheet docs/PRENASAL_REGISTER.md			
pronunciation-2026-08-09-93	pronunciation	pending	prenasal derivation engine (machine)	2026-08-09	rtsib 'bigs	tsimbik		machine-derived: b(s)-coda prenasal collapses to m keeping its labial place (HGM: SKABS 'DIR = kamdir), located by prefix-pronunciation alignment against the corpus; engine baseline says tsibbik; review sheet docs/PRENASAL_REGISTER.md			
pronunciation-2026-08-09-94	pronunciation	pending	prenasal derivation engine (machine)	2026-08-09	rtsub 'gyur tshal	tsumgyur tsel		machine-derived: b(s)-coda prenasal collapses to m keeping its labial place (HGM: SKABS 'DIR = kamdir), located by prefix-pronunciation alignment against the corpus; engine baseline says tsubgyur tsel; review sheet docs/PRENASAL_REGISTER.md			
pronunciation-2026-08-09-95	pronunciation	pending	prenasal derivation engine (machine)	2026-08-09	gzhib 'jib pa	shimjippa		machine-derived: b(s)-coda prenasal collapses to m keeping its labial place (HGM: SKABS 'DIR = kamdir), located by prefix-pronunciation alignment against the corpus; engine baseline says shibjippa; review sheet docs/PRENASAL_REGISTER.md			
pronunciation-2026-08-09-96	pronunciation	pending	prenasal derivation engine (machine)	2026-08-09	gzhibs 'jib(s) pa	shimjippa		machine-derived: b(s)-coda prenasal collapses to m keeping its labial place (HGM: SKABS 'DIR = kamdir), located by prefix-pronunciation alignment against the corpus; engine baseline says shibjippa; review sheet docs/PRENASAL_REGISTER.md			
pronunciation-2026-08-09-97	pronunciation	pending	prenasal derivation engine (machine)	2026-08-09	bzhab 'jab pa	shamjappa		machine-derived: b(s)-coda prenasal collapses to m keeping its labial place (HGM: SKABS 'DIR = kamdir), located by prefix-pronunciation alignment against the corpus; engine baseline says shabjappa; review sheet docs/PRENASAL_REGISTER.md			
pronunciation-2026-08-09-98	pronunciation	pending	prenasal derivation engine (machine)	2026-08-09	bzhabs 'jab pa	shamjappa		machine-derived: b(s)-coda prenasal collapses to m keeping its labial place (HGM: SKABS 'DIR = kamdir), located by prefix-pronunciation alignment against the corpus; engine baseline says shabjappa; review sheet docs/PRENASAL_REGISTER.md			
pronunciation-2026-08-09-99	pronunciation	pending	prenasal derivation engine (machine)	2026-08-09	bzhib 'jib(s) pa	shimjippa		machine-derived: b(s)-coda prenasal collapses to m keeping its labial place (HGM: SKABS 'DIR = kamdir), located by prefix-pronunciation alignment against the corpus; engine baseline says shibjippa; review sheet docs/PRENASAL_REGISTER.md			
pronunciation-2026-08-09-100	pronunciation	pending	prenasal derivation engine (machine)	2026-08-09	bzhibs 'jib(s) pa	shimjippa		machine-derived: b(s)-coda prenasal collapses to m keeping its labial place (HGM: SKABS 'DIR = kamdir), located by prefix-pronunciation alignment against the corpus; engine baseline says shibjippa; review sheet docs/PRENASAL_REGISTER.md			
pronunciation-2026-08-09-101	pronunciation	pending	prenasal derivation engine (machine)	2026-08-09	zab 'gra	samdra		machine-derived: b(s)-coda prenasal collapses to m keeping its labial place (HGM: SKABS 'DIR = kamdir), located by prefix-pronunciation alignment against the corpus; engine baseline says sabdra; review sheet docs/PRENASAL_REGISTER.md			
pronunciation-2026-08-09-102	pronunciation	pending	prenasal derivation engine (machine)	2026-08-09	zab 'grang	samdrang		machine-derived: b(s)-coda prenasal collapses to m keeping its labial place (HGM: SKABS 'DIR = kamdir), located by prefix-pronunciation alignment against the corpus; engine baseline says sabdrang; review sheet docs/PRENASAL_REGISTER.md			
pronunciation-2026-08-09-103	pronunciation	pending	prenasal derivation engine (machine)	2026-08-09	rab 'gyu ltar rab gsal	ramgyu tarrab sel		machine-derived: b(s)-coda prenasal collapses to m keeping its labial place (HGM: SKABS 'DIR = kamdir), located by prefix-pronunciation alignment against the corpus; engine baseline says rabgyu tarrab sel; review sheet docs/PRENASAL_REGISTER.md			
pronunciation-2026-08-09-104	pronunciation	pending	prenasal derivation engine (machine)	2026-08-09	rab 'gyur ba	ramgyurwa		machine-derived: b(s)-coda prenasal collapses to m keeping its labial place (HGM: SKABS 'DIR = kamdir), located by prefix-pronunciation alignment against the corpus; engine baseline says rabgyurwa; review sheet docs/PRENASAL_REGISTER.md			
pronunciation-2026-08-09-105	pronunciation	pending	prenasal derivation engine (machine)	2026-08-09	rab 'gro ba	ramdrowa		machine-derived: b(s)-coda prenasal collapses to m keeping its labial place (HGM: SKABS 'DIR = kamdir), located by prefix-pronunciation alignment against the corpus; engine baseline says rabdrowa; review sheet docs/PRENASAL_REGISTER.md			
pronunciation-2026-08-09-106	pronunciation	pending	prenasal derivation engine (machine)	2026-08-09	rab 'gro byed pa	ramdro jepa		machine-derived: b(s)-coda prenasal collapses to m keeping its labial place (HGM: SKABS 'DIR = kamdir), located by prefix-pronunciation alignment against the corpus; engine baseline says rabdro jepa; review sheet docs/PRENASAL_REGISTER.md			
pronunciation-2026-08-09-107	pronunciation	pending	prenasal derivation engine (machine)	2026-08-09	rab 'joms	ramjom		machine-derived: b(s)-coda prenasal collapses to m keeping its labial place (HGM: SKABS 'DIR = kamdir), located by prefix-pronunciation alignment against the corpus; engine baseline says rabjom; review sheet docs/PRENASAL_REGISTER.md			
pronunciation-2026-08-09-108	pronunciation	pending	prenasal derivation engine (machine)	2026-08-09	rab 'joms byed	ramjom je		machine-derived: b(s)-coda prenasal collapses to m keeping its labial place (HGM: SKABS 'DIR = kamdir), located by prefix-pronunciation alignment against the corpus; engine baseline says rabjom je; review sheet docs/PRENASAL_REGISTER.md			
pronunciation-2026-08-09-109	pronunciation	pending	prenasal derivation engine (machine)	2026-08-09	rab 'dar	ramdar		machine-derived: b(s)-coda prenasal collapses to m keeping its labial place (HGM: SKABS 'DIR = kamdir), located by prefix-pronunciation alignment against the corpus; engine baseline says rabdar; review sheet docs/PRENASAL_REGISTER.md			
pronunciation-2026-08-09-110	pronunciation	pending	prenasal derivation engine (machine)	2026-08-09	rab 'bar	rambar		machine-derived: b(s)-coda prenasal collapses to m keeping its labial place (HGM: SKABS 'DIR = kamdir), located by prefix-pronunciation alignment against the corpus; engine baseline says rabbar; review sheet docs/PRENASAL_REGISTER.md			
pronunciation-2026-08-09-111	pronunciation	pending	prenasal derivation engine (machine)	2026-08-09	rab 'bar ba	rambarwa		machine-derived: b(s)-coda prenasal collapses to m keeping its labial place (HGM: SKABS 'DIR = kamdir), located by prefix-pronunciation alignment against the corpus; engine baseline says rabbarwa; review sheet docs/PRENASAL_REGISTER.md			
pronunciation-2026-08-09-112	pronunciation	pending	prenasal derivation engine (machine)	2026-08-09	rab 'bar zhing	rambar shing		machine-derived: b(s)-coda prenasal collapses to m keeping its labial place (HGM: SKABS 'DIR = kamdir), located by prefix-pronunciation alignment against the corpus; engine baseline says rabbar shing; review sheet docs/PRENASAL_REGISTER.md			
pronunciation-2026-08-09-113	pronunciation	pending	prenasal derivation engine (machine)	2026-08-09	rab 'bur	rambur		machine-derived: b(s)-coda prenasal collapses to m keeping its labial place (HGM: SKABS 'DIR = kamdir), located by prefix-pronunciation alignment against the corpus; engine baseline says rabbur; review sheet docs/PRENASAL_REGISTER.md			
pronunciation-2026-08-09-114	pronunciation	pending	prenasal derivation engine (machine)	2026-08-09	rab 'byung	ramjung		machine-derived: b(s)-coda prenasal collapses to m keeping its labial place (HGM: SKABS 'DIR = kamdir), located by prefix-pronunciation alignment against the corpus; engine baseline says rabjung; review sheet docs/PRENASAL_REGISTER.md			
pronunciation-2026-08-09-115	pronunciation	pending	prenasal derivation engine (machine)	2026-08-09	rab 'byed	ramje		machine-derived: b(s)-coda prenasal collapses to m keeping its labial place (HGM: SKABS 'DIR = kamdir), located by prefix-pronunciation alignment against the corpus; engine baseline says rabje; review sheet docs/PRENASAL_REGISTER.md			
pronunciation-2026-08-09-116	pronunciation	pending	prenasal derivation engine (machine)	2026-08-09	rab 'byor chen pa	ramjor chenpa		machine-derived: b(s)-coda prenasal collapses to m keeping its labial place (HGM: SKABS 'DIR = kamdir), located by prefix-pronunciation alignment against the corpus; engine baseline says rabjor chenpa; review sheet docs/PRENASAL_REGISTER.md			
pronunciation-2026-08-09-117	pronunciation	pending	prenasal derivation engine (machine)	2026-08-09	rab 'brang ba	ramdrangwa		machine-derived: b(s)-coda prenasal collapses to m keeping its labial place (HGM: SKABS 'DIR = kamdir), located by prefix-pronunciation alignment against the corpus; engine baseline says rabdrangwa; review sheet docs/PRENASAL_REGISTER.md			
pronunciation-2026-08-09-118	pronunciation	pending	prenasal derivation engine (machine)	2026-08-09	rab 'dzag	ramdzak		machine-derived: b(s)-coda prenasal collapses to m keeping its labial place (HGM: SKABS 'DIR = kamdir), located by prefix-pronunciation alignment against the corpus; engine baseline says rabdzak; review sheet docs/PRENASAL_REGISTER.md			
pronunciation-2026-08-09-119	pronunciation	pending	prenasal derivation engine (machine)	2026-08-09	rab 'dzag cing	ramdzak ching		machine-derived: b(s)-coda prenasal collapses to m keeping its labial place (HGM: SKABS 'DIR = kamdir), located by prefix-pronunciation alignment against the corpus; engine baseline says rabdzak ching; review sheet docs/PRENASAL_REGISTER.md			
pronunciation-2026-08-09-120	pronunciation	pending	prenasal derivation engine (machine)	2026-08-09	rus sbal gi rgyab 'dra ba rtsub pa	rubel gi gyamdrawa tsuppa		machine-derived: b(s)-coda prenasal collapses to m keeping its labial place (HGM: SKABS 'DIR = kamdir), located by prefix-pronunciation alignment against the corpus; engine baseline says rubel gi gyabdrawa tsuppa; review sheet docs/PRENASAL_REGISTER.md			
pronunciation-2026-08-09-121	pronunciation	pending	prenasal derivation engine (machine)	2026-08-09	seng ge dang bya khyung dang khyab 'jug la bzhugs pa'i sgrub thabs	sengge dang jakyung dang kyamjuk la shukpay druptap		machine-derived: b(s)-coda prenasal collapses to m keeping its labial place (HGM: SKABS 'DIR = kamdir), located by prefix-pronunciation alignment against the corpus; engine baseline says sengge dang jakyung dang kyabjuk la shukpay druptap; review sheet docs/PRENASAL_REGISTER.md			
pronunciation-2026-08-09-122	pronunciation	pending	prenasal derivation engine (machine)	2026-08-09	seng ge zhabs 'bring pa'i skyes pa rabs kyi phreng ba	sengge shamdringpay kyepa rap kyi trengwa		machine-derived: b(s)-coda prenasal collapses to m keeping its labial place (HGM: SKABS 'DIR = kamdir), located by prefix-pronunciation alignment against the corpus; engine baseline says sengge shabdringpay kyepa rap kyi trengwa; review sheet docs/PRENASAL_REGISTER.md			
pronunciation-2026-08-09-123	pronunciation	pending	prenasal derivation engine (machine)	2026-08-09	~~khyab 'jug sbas pa	~~khyamjuk bepa		machine-derived: b(s)-coda prenasal collapses to m keeping its labial place (HGM: SKABS 'DIR = kamdir), located by prefix-pronunciation alignment against the corpus; engine baseline says ~~khyabjuk bepa; review sheet docs/PRENASAL_REGISTER.md			
pronunciation-2026-08-09-124	pronunciation	pending	prenasal derivation engine (machine)	2026-08-09	seng ge'i gdong can khyab 'jug sbas pa	senggey dongchen kyamjuk bepa		machine-derived: b(s)-coda prenasal collapses to m keeping its labial place (HGM: SKABS 'DIR = kamdir), located by prefix-pronunciation alignment against the corpus; engine baseline says senggey dongchen kyabjuk bepa; review sheet docs/PRENASAL_REGISTER.md			
pronunciation-2026-08-09-125	pronunciation	pending	prenasal derivation engine (machine)	2026-08-09	lhun po'i stobs 'jom(s) pa	hlunpoy tomjompa		machine-derived: b(s)-coda prenasal collapses to m keeping its labial place (HGM: SKABS 'DIR = kamdir), located by prefix-pronunciation alignment against the corpus; engine baseline says hlunpoy tobjompa; review sheet docs/PRENASAL_REGISTER.md			
pronunciation-2026-08-09-126	pronunciation	pending	prenasal derivation engine (machine)	2026-08-09	skyabs 'gro rab ldan	kyamdro rabden		machine-derived: b(s)-coda prenasal collapses to m keeping its labial place (HGM: SKABS 'DIR = kamdir), located by prefix-pronunciation alignment against the corpus; engine baseline says kyabdro rabden; review sheet docs/PRENASAL_REGISTER.md			
pronunciation-2026-08-09-127	pronunciation	pending	prenasal derivation engine (machine)	2026-08-09	skyabs 'gro sems bskyed dbang bzhi'i gdam sa pa	kyamdro semkye wangshiy damsapa		machine-derived: b(s)-coda prenasal collapses to m keeping its labial place (HGM: SKABS 'DIR = kamdir), located by prefix-pronunciation alignment against the corpus; engine baseline says kyabdro semkye wangshiy damsapa; review sheet docs/PRENASAL_REGISTER.md			
pronunciation-2026-08-09-128	pronunciation	pending	prenasal derivation engine (machine)	2026-08-09	khab 'dzin ma =khyim bdag mo	kamdzin ma=khyim dakmo		machine-derived: b(s)-coda prenasal collapses to m keeping its labial place (HGM: SKABS 'DIR = kamdir), located by prefix-pronunciation alignment against the corpus; engine baseline says kabdzin ma=khyim dakmo; review sheet docs/PRENASAL_REGISTER.md			
pronunciation-2026-08-09-129	pronunciation	pending	prenasal derivation engine (machine)	2026-08-09	khyab 'jug rkang pa	kyamjuk kangpa		machine-derived: b(s)-coda prenasal collapses to m keeping its labial place (HGM: SKABS 'DIR = kamdir), located by prefix-pronunciation alignment against the corpus; engine baseline says kyabjuk kangpa; review sheet docs/PRENASAL_REGISTER.md			
pronunciation-2026-08-09-130	pronunciation	pending	prenasal derivation engine (machine)	2026-08-09	khyab 'jug skyes =tsan dan sbrul gyi snying po	kyamjuk kye=tsen dendrul gyi nyingpo		machine-derived: b(s)-coda prenasal collapses to m keeping its labial place (HGM: SKABS 'DIR = kamdir), located by prefix-pronunciation alignment against the corpus; engine baseline says kyabjuk kye=tsen dendrul gyi nyingpo; review sheet docs/PRENASAL_REGISTER.md			
pronunciation-2026-08-09-131	pronunciation	pending	prenasal derivation engine (machine)	2026-08-09	khyab 'jug chung ma =pad ma can	kyamjuk chung ma=pe machen		machine-derived: b(s)-coda prenasal collapses to m keeping its labial place (HGM: SKABS 'DIR = kamdir), located by prefix-pronunciation alignment against the corpus; engine baseline says kyabjuk chung ma=pe machen; review sheet docs/PRENASAL_REGISTER.md			
pronunciation-2026-08-09-132	pronunciation	pending	prenasal derivation engine (machine)	2026-08-09	khyab 'jug lta bu	kyamjuk tabu		machine-derived: b(s)-coda prenasal collapses to m keeping its labial place (HGM: SKABS 'DIR = kamdir), located by prefix-pronunciation alignment against the corpus; engine baseline says kyabjuk tabu; review sheet docs/PRENASAL_REGISTER.md			
pronunciation-2026-08-09-133	pronunciation	pending	prenasal derivation engine (machine)	2026-08-09	bsgrubs 'gyur ba	drumgyurwa		machine-derived: b(s)-coda prenasal collapses to m keeping its labial place (HGM: SKABS 'DIR = kamdir), located by prefix-pronunciation alignment against the corpus; engine baseline says drubgyurwa; review sheet docs/PRENASAL_REGISTER.md			
pronunciation-2026-08-09-134	pronunciation	pending	prenasal derivation engine (machine)	2026-08-09	nges par thob 'gyur	ngepar tomgyur		machine-derived: b(s)-coda prenasal collapses to m keeping its labial place (HGM: SKABS 'DIR = kamdir), located by prefix-pronunciation alignment against the corpus; engine baseline says ngepar topgyur; review sheet docs/PRENASAL_REGISTER.md			
pronunciation-2026-08-09-135	pronunciation	pending	prenasal derivation engine (machine)	2026-08-09	cha dpyad 'jam rtsi sbubs 'dra	chache jamtsi bumdra		machine-derived: b(s)-coda prenasal collapses to m keeping its labial place (HGM: SKABS 'DIR = kamdir), located by prefix-pronunciation alignment against the corpus; engine baseline says chache jamtsi bubdra; review sheet docs/PRENASAL_REGISTER.md			
pronunciation-2026-08-09-136	pronunciation	pending	prenasal derivation engine (machine)	2026-08-09	chos ldan rab 'byor dbyangs	chunden ramjor yang		machine-derived: b(s)-coda prenasal collapses to m keeping its labial place (HGM: SKABS 'DIR = kamdir), located by prefix-pronunciation alignment against the corpus; engine baseline says chunden rabjor yang; review sheet docs/PRENASAL_REGISTER.md			
pronunciation-2026-08-09-137	pronunciation	pending	prenasal derivation engine (machine)	2026-08-09	snying stobs rab 'bar	nyingtop rambar		machine-derived: b(s)-coda prenasal collapses to m keeping its labial place (HGM: SKABS 'DIR = kamdir), located by prefix-pronunciation alignment against the corpus; engine baseline says nyingtop rabbar; review sheet docs/PRENASAL_REGISTER.md			
pronunciation-2026-08-09-138	pronunciation	pending	prenasal derivation engine (machine)	2026-08-09	stobs 'gyed	tomgye		machine-derived: b(s)-coda prenasal collapses to m keeping its labial place (HGM: SKABS 'DIR = kamdir), located by prefix-pronunciation alignment against the corpus; engine baseline says tobgye; review sheet docs/PRENASAL_REGISTER.md			
pronunciation-2026-08-09-139	pronunciation	pending	prenasal derivation engine (machine)	2026-08-09	stobs 'byung	tomjung		machine-derived: b(s)-coda prenasal collapses to m keeping its labial place (HGM: SKABS 'DIR = kamdir), located by prefix-pronunciation alignment against the corpus; engine baseline says tobjung; review sheet docs/PRENASAL_REGISTER.md			
pronunciation-2026-08-09-140	pronunciation	pending	prenasal derivation engine (machine)	2026-08-09	'thab 'dzing ba	tamdzingwa		machine-derived: b(s)-coda prenasal collapses to m keeping its labial place (HGM: SKABS 'DIR = kamdir), located by prefix-pronunciation alignment against the corpus; engine baseline says tabdzingwa; review sheet docs/PRENASAL_REGISTER.md			
pronunciation-2026-08-09-141	pronunciation	pending	prenasal derivation engine (machine)	2026-08-09	'thob 'gyur	tomgyur		machine-derived: b(s)-coda prenasal collapses to m keeping its labial place (HGM: SKABS 'DIR = kamdir), located by prefix-pronunciation alignment against the corpus; engine baseline says tobgyur; review sheet docs/PRENASAL_REGISTER.md			
pronunciation-2026-08-09-142	pronunciation	pending	prenasal derivation engine (machine)	2026-08-09	'thob 'dod sems ldan	tomdu semnden		machine-derived: b(s)-coda prenasal collapses to m keeping its labial place (HGM: SKABS 'DIR = kamdir), located by prefix-pronunciation alignment against the corpus; engine baseline says tobdu semnden; review sheet docs/PRENASAL_REGISTER.md			
pronunciation-2026-08-09-143	pronunciation	pending	prenasal derivation engine (machine)	2026-08-09	nu sor dbyibs 'dra	nusor yimdra		machine-derived: b(s)-coda prenasal collapses to m keeping its labial place (HGM: SKABS 'DIR = kamdir), located by prefix-pronunciation alignment against the corpus; engine baseline says nusor yibdra; review sheet docs/PRENASAL_REGISTER.md			
pronunciation-2026-08-09-144	pronunciation	pending	prenasal derivation engine (machine)	2026-08-09	rnam bzhag bsgrubs 'gyur ba	namshak drumgyurwa		machine-derived: b(s)-coda prenasal collapses to m keeping its labial place (HGM: SKABS 'DIR = kamdir), located by prefix-pronunciation alignment against the corpus; engine baseline says namshak drubgyurwa; review sheet docs/PRENASAL_REGISTER.md			
pronunciation-2026-08-09-145	pronunciation	pending	prenasal derivation engine (machine)	2026-08-09	padma'i 'dab 'dra'i spyan	pe damdray chen		machine-derived: b(s)-coda prenasal collapses to m keeping its labial place (HGM: SKABS 'DIR = kamdir), located by prefix-pronunciation alignment against the corpus; engine baseline says pe dabdray chen; review sheet docs/PRENASAL_REGISTER.md			
pronunciation-2026-08-09-146	pronunciation	pending	prenasal derivation engine (machine)	2026-08-09	blo ngan rab 'jig pa	longen ramjikpa		machine-derived: b(s)-coda prenasal collapses to m keeping its labial place (HGM: SKABS 'DIR = kamdir), located by prefix-pronunciation alignment against the corpus; engine baseline says longen rabjikpa; review sheet docs/PRENASAL_REGISTER.md			
pronunciation-2026-08-09-147	pronunciation	pending	prenasal derivation engine (machine)	2026-08-09	'bab 'dod	bamdu		machine-derived: b(s)-coda prenasal collapses to m keeping its labial place (HGM: SKABS 'DIR = kamdir), located by prefix-pronunciation alignment against the corpus; engine baseline says babdu; review sheet docs/PRENASAL_REGISTER.md			
pronunciation-2026-08-09-148	pronunciation	pending	prenasal derivation engine (machine)	2026-08-09	'babs 'dzin	bamdzin		machine-derived: b(s)-coda prenasal collapses to m keeping its labial place (HGM: SKABS 'DIR = kamdir), located by prefix-pronunciation alignment against the corpus; engine baseline says babdzin; review sheet docs/PRENASAL_REGISTER.md			
pronunciation-2026-08-09-149	pronunciation	pending	prenasal derivation engine (machine)	2026-08-09	sbubs 'bras can	bumdre chen		machine-derived: b(s)-coda prenasal collapses to m keeping its labial place (HGM: SKABS 'DIR = kamdir), located by prefix-pronunciation alignment against the corpus; engine baseline says bubdre chen; review sheet docs/PRENASAL_REGISTER.md			
pronunciation-2026-08-09-150	pronunciation	pending	prenasal derivation engine (machine)	2026-08-09	ma rig sgo nga'i sbubs 'byed pa	marik gongay bumjepa		machine-derived: b(s)-coda prenasal collapses to m keeping its labial place (HGM: SKABS 'DIR = kamdir), located by prefix-pronunciation alignment against the corpus; engine baseline says marik gongay bubjepa; review sheet docs/PRENASAL_REGISTER.md			
pronunciation-2026-08-09-151	pronunciation	pending	prenasal derivation engine (machine)	2026-08-09	mdzub sen nang gi dbyibs 'dra	dzupsen nang gi yimdra		machine-derived: b(s)-coda prenasal collapses to m keeping its labial place (HGM: SKABS 'DIR = kamdir), located by prefix-pronunciation alignment against the corpus; engine baseline says dzupsen nang gi yibdra; review sheet docs/PRENASAL_REGISTER.md			
pronunciation-2026-08-09-152	pronunciation	pending	prenasal derivation engine (machine)	2026-08-09	zhabs 'gro ba	shamdrowa		machine-derived: b(s)-coda prenasal collapses to m keeping its labial place (HGM: SKABS 'DIR = kamdir), located by prefix-pronunciation alignment against the corpus; engine baseline says shabdrowa; review sheet docs/PRENASAL_REGISTER.md			
pronunciation-2026-08-09-153	pronunciation	pending	prenasal derivation engine (machine)	2026-08-09	zhabs 'bring	shamdring		machine-derived: b(s)-coda prenasal collapses to m keeping its labial place (HGM: SKABS 'DIR = kamdir), located by prefix-pronunciation alignment against the corpus; engine baseline says shabdring; review sheet docs/PRENASAL_REGISTER.md			
pronunciation-2026-08-09-154	pronunciation	pending	prenasal derivation engine (machine)	2026-08-09	zhabs 'bring ba	shamdringwa		machine-derived: b(s)-coda prenasal collapses to m keeping its labial place (HGM: SKABS 'DIR = kamdir), located by prefix-pronunciation alignment against the corpus; engine baseline says shabdringwa; review sheet docs/PRENASAL_REGISTER.md			
pronunciation-2026-08-09-155	pronunciation	pending	prenasal derivation engine (machine)	2026-08-09	zhabs 'bring bras	shamdring dre		machine-derived: b(s)-coda prenasal collapses to m keeping its labial place (HGM: SKABS 'DIR = kamdir), located by prefix-pronunciation alignment against the corpus; engine baseline says shabdring dre; review sheet docs/PRENASAL_REGISTER.md			
pronunciation-2026-08-09-156	pronunciation	pending	prenasal derivation engine (machine)	2026-08-09	zhing rnams bye ba rab 'byams	shing nam jewa ramjam		machine-derived: b(s)-coda prenasal collapses to m keeping its labial place (HGM: SKABS 'DIR = kamdir), located by prefix-pronunciation alignment against the corpus; engine baseline says shing nam jewa rabjam; review sheet docs/PRENASAL_REGISTER.md			
pronunciation-2026-08-09-157	pronunciation	pending	prenasal derivation engine (machine)	2026-08-09	zla 'od rab 'bar ba	dau rambarwa		machine-derived: b(s)-coda prenasal collapses to m keeping its labial place (HGM: SKABS 'DIR = kamdir), located by prefix-pronunciation alignment against the corpus; engine baseline says dau rabbarwa; review sheet docs/PRENASAL_REGISTER.md			
pronunciation-2026-08-09-158	pronunciation	pending	prenasal derivation engine (machine)	2026-08-09	gzi brjid rab 'bar	siji rambar		machine-derived: b(s)-coda prenasal collapses to m keeping its labial place (HGM: SKABS 'DIR = kamdir), located by prefix-pronunciation alignment against the corpus; engine baseline says siji rabbar; review sheet docs/PRENASAL_REGISTER.md			
pronunciation-2026-08-09-159	pronunciation	pending	prenasal derivation engine (machine)	2026-08-09	yon tan rab 'bar	yunten rambar		machine-derived: b(s)-coda prenasal collapses to m keeping its labial place (HGM: SKABS 'DIR = kamdir), located by prefix-pronunciation alignment against the corpus; engine baseline says yunten rabbar; review sheet docs/PRENASAL_REGISTER.md			
pronunciation-2026-08-09-160	pronunciation	pending	prenasal derivation engine (machine)	2026-08-09	rab 'gyur	ramgyur		machine-derived: b(s)-coda prenasal collapses to m keeping its labial place (HGM: SKABS 'DIR = kamdir), located by prefix-pronunciation alignment against the corpus; engine baseline says rabgyur; review sheet docs/PRENASAL_REGISTER.md			
pronunciation-2026-08-09-161	pronunciation	pending	prenasal derivation engine (machine)	2026-08-09	rab 'grangs min	ramdrang min		machine-derived: b(s)-coda prenasal collapses to m keeping its labial place (HGM: SKABS 'DIR = kamdir), located by prefix-pronunciation alignment against the corpus; engine baseline says rabdrang min; review sheet docs/PRENASAL_REGISTER.md			
pronunciation-2026-08-09-162	pronunciation	pending	prenasal derivation engine (machine)	2026-08-09	rab 'gro	ramdro		machine-derived: b(s)-coda prenasal collapses to m keeping its labial place (HGM: SKABS 'DIR = kamdir), located by prefix-pronunciation alignment against the corpus; engine baseline says rabdro; review sheet docs/PRENASAL_REGISTER.md			
pronunciation-2026-08-09-163	pronunciation	pending	prenasal derivation engine (machine)	2026-08-09	rab 'gro pus	ramdro pu		machine-derived: b(s)-coda prenasal collapses to m keeping its labial place (HGM: SKABS 'DIR = kamdir), located by prefix-pronunciation alignment against the corpus; engine baseline says rabdro pu; review sheet docs/PRENASAL_REGISTER.md			
pronunciation-2026-08-09-164	pronunciation	pending	prenasal derivation engine (machine)	2026-08-09	rab 'jig	ramjik		machine-derived: b(s)-coda prenasal collapses to m keeping its labial place (HGM: SKABS 'DIR = kamdir), located by prefix-pronunciation alignment against the corpus; engine baseline says rabjik; review sheet docs/PRENASAL_REGISTER.md			
pronunciation-2026-08-09-165	pronunciation	pending	prenasal derivation engine (machine)	2026-08-09	rab 'jigs	ramjik		machine-derived: b(s)-coda prenasal collapses to m keeping its labial place (HGM: SKABS 'DIR = kamdir), located by prefix-pronunciation alignment against the corpus; engine baseline says rabjik; review sheet docs/PRENASAL_REGISTER.md			
pronunciation-2026-08-09-166	pronunciation	pending	prenasal derivation engine (machine)	2026-08-09	rab 'jigs rdo rje	ramjik doje		machine-derived: b(s)-coda prenasal collapses to m keeping its labial place (HGM: SKABS 'DIR = kamdir), located by prefix-pronunciation alignment against the corpus; engine baseline says rabjik doje; review sheet docs/PRENASAL_REGISTER.md			
pronunciation-2026-08-09-167	pronunciation	pending	prenasal derivation engine (machine)	2026-08-09	rab 'jug pa	ramjukpa		machine-derived: b(s)-coda prenasal collapses to m keeping its labial place (HGM: SKABS 'DIR = kamdir), located by prefix-pronunciation alignment against the corpus; engine baseline says rabjukpa; review sheet docs/PRENASAL_REGISTER.md			
pronunciation-2026-08-09-168	pronunciation	pending	prenasal derivation engine (machine)	2026-08-09	rab 'joms pa	ramjompa		machine-derived: b(s)-coda prenasal collapses to m keeping its labial place (HGM: SKABS 'DIR = kamdir), located by prefix-pronunciation alignment against the corpus; engine baseline says rabjompa; review sheet docs/PRENASAL_REGISTER.md			
pronunciation-2026-08-09-169	pronunciation	pending	prenasal derivation engine (machine)	2026-08-09	rab 'dar zhing	ramdar shing		machine-derived: b(s)-coda prenasal collapses to m keeping its labial place (HGM: SKABS 'DIR = kamdir), located by prefix-pronunciation alignment against the corpus; engine baseline says rabdar shing; review sheet docs/PRENASAL_REGISTER.md			
pronunciation-2026-08-09-170	pronunciation	pending	prenasal derivation engine (machine)	2026-08-09	rab 'dra ldan	ramdra den		machine-derived: b(s)-coda prenasal collapses to m keeping its labial place (HGM: SKABS 'DIR = kamdir), located by prefix-pronunciation alignment against the corpus; engine baseline says rabdra den; review sheet docs/PRENASAL_REGISTER.md			
pronunciation-2026-08-09-171	pronunciation	pending	prenasal derivation engine (machine)	2026-08-09	rab 'dar lus can	ramdar luchen		machine-derived: b(s)-coda prenasal collapses to m keeping its labial place (HGM: SKABS 'DIR = kamdir), located by prefix-pronunciation alignment against the corpus; engine baseline says rabdar luchen; review sheet docs/PRENASAL_REGISTER.md			
pronunciation-2026-08-09-172	pronunciation	pending	prenasal derivation engine (machine)	2026-08-09	rab 'das	ramde		machine-derived: b(s)-coda prenasal collapses to m keeping its labial place (HGM: SKABS 'DIR = kamdir), located by prefix-pronunciation alignment against the corpus; engine baseline says rabde; review sheet docs/PRENASAL_REGISTER.md			
pronunciation-2026-08-09-173	pronunciation	pending	prenasal derivation engine (machine)	2026-08-09	rab 'das te	ramde te		machine-derived: b(s)-coda prenasal collapses to m keeping its labial place (HGM: SKABS 'DIR = kamdir), located by prefix-pronunciation alignment against the corpus; engine baseline says rabde te; review sheet docs/PRENASAL_REGISTER.md			
pronunciation-2026-08-09-174	pronunciation	pending	prenasal derivation engine (machine)	2026-08-09	rab 'dud	ramdu		machine-derived: b(s)-coda prenasal collapses to m keeping its labial place (HGM: SKABS 'DIR = kamdir), located by prefix-pronunciation alignment against the corpus; engine baseline says rabdu; review sheet docs/PRENASAL_REGISTER.md			
pronunciation-2026-08-09-175	pronunciation	pending	prenasal derivation engine (machine)	2026-08-09	rab 'dud dul ba	ramdu dulwa		machine-derived: b(s)-coda prenasal collapses to m keeping its labial place (HGM: SKABS 'DIR = kamdir), located by prefix-pronunciation alignment against the corpus; engine baseline says rabdu dulwa; review sheet docs/PRENASAL_REGISTER.md			
pronunciation-2026-08-09-176	pronunciation	pending	prenasal derivation engine (machine)	2026-08-09	rab 'dus	ramdu		machine-derived: b(s)-coda prenasal collapses to m keeping its labial place (HGM: SKABS 'DIR = kamdir), located by prefix-pronunciation alignment against the corpus; engine baseline says rabdu; review sheet docs/PRENASAL_REGISTER.md			
pronunciation-2026-08-09-177	pronunciation	pending	prenasal derivation engine (machine)	2026-08-09	rab 'dong bas	ramdongwe		machine-derived: b(s)-coda prenasal collapses to m keeping its labial place (HGM: SKABS 'DIR = kamdir), located by prefix-pronunciation alignment against the corpus; engine baseline says rabdongwe; review sheet docs/PRENASAL_REGISTER.md			
pronunciation-2026-08-09-178	pronunciation	pending	prenasal derivation engine (machine)	2026-08-09	rab 'dod	ramdu		machine-derived: b(s)-coda prenasal collapses to m keeping its labial place (HGM: SKABS 'DIR = kamdir), located by prefix-pronunciation alignment against the corpus; engine baseline says rabdu; review sheet docs/PRENASAL_REGISTER.md			
pronunciation-2026-08-09-179	pronunciation	pending	prenasal derivation engine (machine)	2026-08-09	rab 'dod ldan pa	ramdu denpa		machine-derived: b(s)-coda prenasal collapses to m keeping its labial place (HGM: SKABS 'DIR = kamdir), located by prefix-pronunciation alignment against the corpus; engine baseline says rabdu denpa; review sheet docs/PRENASAL_REGISTER.md			
pronunciation-2026-08-09-180	pronunciation	pending	prenasal derivation engine (machine)	2026-08-09	rab 'dren	ramdren		machine-derived: b(s)-coda prenasal collapses to m keeping its labial place (HGM: SKABS 'DIR = kamdir), located by prefix-pronunciation alignment against the corpus; engine baseline says rabdren; review sheet docs/PRENASAL_REGISTER.md			
pronunciation-2026-08-09-181	pronunciation	pending	prenasal derivation engine (machine)	2026-08-09	rab 'bad	rambe		machine-derived: b(s)-coda prenasal collapses to m keeping its labial place (HGM: SKABS 'DIR = kamdir), located by prefix-pronunciation alignment against the corpus; engine baseline says rabbe; review sheet docs/PRENASAL_REGISTER.md			
pronunciation-2026-08-09-182	pronunciation	pending	prenasal derivation engine (machine)	2026-08-09	rab 'bad pa	rambepa		machine-derived: b(s)-coda prenasal collapses to m keeping its labial place (HGM: SKABS 'DIR = kamdir), located by prefix-pronunciation alignment against the corpus; engine baseline says rabbepa; review sheet docs/PRENASAL_REGISTER.md			
pronunciation-2026-08-09-183	pronunciation	pending	prenasal derivation engine (machine)	2026-08-09	rab 'bad tsam gyis bzod	rambe tsam gyi su		machine-derived: b(s)-coda prenasal collapses to m keeping its labial place (HGM: SKABS 'DIR = kamdir), located by prefix-pronunciation alignment against the corpus; engine baseline says rabbe tsam gyi su; review sheet docs/PRENASAL_REGISTER.md			
pronunciation-2026-08-09-184	pronunciation	pending	prenasal derivation engine (machine)	2026-08-09	rab 'bab	rambab		machine-derived: b(s)-coda prenasal collapses to m keeping its labial place (HGM: SKABS 'DIR = kamdir), located by prefix-pronunciation alignment against the corpus; engine baseline says rabbab; review sheet docs/PRENASAL_REGISTER.md			
pronunciation-2026-08-09-185	pronunciation	pending	prenasal derivation engine (machine)	2026-08-09	rab 'bar me yi dpang can	rambar me yi pangchen		machine-derived: b(s)-coda prenasal collapses to m keeping its labial place (HGM: SKABS 'DIR = kamdir), located by prefix-pronunciation alignment against the corpus; engine baseline says rabbar me yi pangchen; review sheet docs/PRENASAL_REGISTER.md			
pronunciation-2026-08-09-186	pronunciation	pending	prenasal derivation engine (machine)	2026-08-09	rab 'bar mya ngan me	rambar nyangen me		machine-derived: b(s)-coda prenasal collapses to m keeping its labial place (HGM: SKABS 'DIR = kamdir), located by prefix-pronunciation alignment against the corpus; engine baseline says rabbar nyangen me; review sheet docs/PRENASAL_REGISTER.md			
pronunciation-2026-08-09-187	pronunciation	pending	prenasal derivation engine (machine)	2026-08-09	rab 'bal zhing	rambel shing		machine-derived: b(s)-coda prenasal collapses to m keeping its labial place (HGM: SKABS 'DIR = kamdir), located by prefix-pronunciation alignment against the corpus; engine baseline says rabbel shing; review sheet docs/PRENASAL_REGISTER.md			
pronunciation-2026-08-09-188	pronunciation	pending	prenasal derivation engine (machine)	2026-08-09	rab 'bebs	rambep		machine-derived: b(s)-coda prenasal collapses to m keeping its labial place (HGM: SKABS 'DIR = kamdir), located by prefix-pronunciation alignment against the corpus; engine baseline says rabbep; review sheet docs/PRENASAL_REGISTER.md			
pronunciation-2026-08-09-189	pronunciation	pending	prenasal derivation engine (machine)	2026-08-09	rab 'byung ba	ramjungwa		machine-derived: b(s)-coda prenasal collapses to m keeping its labial place (HGM: SKABS 'DIR = kamdir), located by prefix-pronunciation alignment against the corpus; engine baseline says rabjungwa; review sheet docs/PRENASAL_REGISTER.md			
pronunciation-2026-08-09-190	pronunciation	pending	prenasal derivation engine (machine)	2026-08-09	rab 'byed cing	ramje ching		machine-derived: b(s)-coda prenasal collapses to m keeping its labial place (HGM: SKABS 'DIR = kamdir), located by prefix-pronunciation alignment against the corpus; engine baseline says rabje ching; review sheet docs/PRENASAL_REGISTER.md			
pronunciation-2026-08-09-191	pronunciation	pending	prenasal derivation engine (machine)	2026-08-09	rab 'byor bskyangs	ramjor kyang		machine-derived: b(s)-coda prenasal collapses to m keeping its labial place (HGM: SKABS 'DIR = kamdir), located by prefix-pronunciation alignment against the corpus; engine baseline says rabjor kyang; review sheet docs/PRENASAL_REGISTER.md			
pronunciation-2026-08-09-192	pronunciation	pending	prenasal derivation engine (machine)	2026-08-09	rab 'byor dbyangs	ramjor yang		machine-derived: b(s)-coda prenasal collapses to m keeping its labial place (HGM: SKABS 'DIR = kamdir), located by prefix-pronunciation alignment against the corpus; engine baseline says rabjor yang; review sheet docs/PRENASAL_REGISTER.md			
pronunciation-2026-08-09-193	pronunciation	pending	prenasal derivation engine (machine)	2026-08-09	rab 'byor zhi ba	ramjor shiwa		machine-derived: b(s)-coda prenasal collapses to m keeping its labial place (HGM: SKABS 'DIR = kamdir), located by prefix-pronunciation alignment against the corpus; engine baseline says rabjor shiwa; review sheet docs/PRENASAL_REGISTER.md			
pronunciation-2026-08-09-194	pronunciation	pending	prenasal derivation engine (machine)	2026-08-09	rab 'byor zla ba	ramjor dawa		machine-derived: b(s)-coda prenasal collapses to m keeping its labial place (HGM: SKABS 'DIR = kamdir), located by prefix-pronunciation alignment against the corpus; engine baseline says rabjor dawa; review sheet docs/PRENASAL_REGISTER.md			
pronunciation-2026-08-09-195	pronunciation	pending	prenasal derivation engine (machine)	2026-08-09	rab 'dzin pa	ramdzinpa		machine-derived: b(s)-coda prenasal collapses to m keeping its labial place (HGM: SKABS 'DIR = kamdir), located by prefix-pronunciation alignment against the corpus; engine baseline says rabdzinpa; review sheet docs/PRENASAL_REGISTER.md			
pronunciation-2026-08-09-196	pronunciation	pending	prenasal derivation engine (machine)	2026-08-09	ri mo zhabs 'bring	rimo shamdring		machine-derived: b(s)-coda prenasal collapses to m keeping its labial place (HGM: SKABS 'DIR = kamdir), located by prefix-pronunciation alignment against the corpus; engine baseline says rimo shabdring; review sheet docs/PRENASAL_REGISTER.md			
pronunciation-2026-08-09-197	pronunciation	pending	prenasal derivation engine (machine)	2026-08-09	rin chen rab 'bar	rinchen rambar		machine-derived: b(s)-coda prenasal collapses to m keeping its labial place (HGM: SKABS 'DIR = kamdir), located by prefix-pronunciation alignment against the corpus; engine baseline says rinchen rabbar; review sheet docs/PRENASAL_REGISTER.md			
pronunciation-2026-08-09-198	pronunciation	pending	prenasal derivation engine (machine)	2026-08-09	rin chen rab 'bar 'dab ma bkra	rinchen rambar dab matra		machine-derived: b(s)-coda prenasal collapses to m keeping its labial place (HGM: SKABS 'DIR = kamdir), located by prefix-pronunciation alignment against the corpus; engine baseline says rinchen rabbar dab matra; review sheet docs/PRENASAL_REGISTER.md			
pronunciation-2026-08-09-199	pronunciation	pending	prenasal derivation engine (machine)	2026-08-09	rin chen rab 'bar rna rgyan	rinchen rambar nagyen		machine-derived: b(s)-coda prenasal collapses to m keeping its labial place (HGM: SKABS 'DIR = kamdir), located by prefix-pronunciation alignment against the corpus; engine baseline says rinchen rabbar nagyen; review sheet docs/PRENASAL_REGISTER.md			
pronunciation-2026-08-09-200	pronunciation	pending	prenasal derivation engine (machine)	2026-08-09	shin tu rab 'bad	shintu rambe		machine-derived: b(s)-coda prenasal collapses to m keeping its labial place (HGM: SKABS 'DIR = kamdir), located by prefix-pronunciation alignment against the corpus; engine baseline says shintu rabbe; review sheet docs/PRENASAL_REGISTER.md			
pronunciation-2026-08-09-201	pronunciation	pending	prenasal derivation engine (machine)	2026-08-09	seng ge'i gdan can khyab 'jug sbas pa	senggey denchen kyamjuk bepa		machine-derived: b(s)-coda prenasal collapses to m keeping its labial place (HGM: SKABS 'DIR = kamdir), located by prefix-pronunciation alignment against the corpus; engine baseline says senggey denchen kyabjuk bepa; review sheet docs/PRENASAL_REGISTER.md			
pronunciation-2026-08-09-202	pronunciation	pending	prenasal derivation engine (machine)	2026-08-09	sems dpa' rab 'bar	sempa rambar		machine-derived: b(s)-coda prenasal collapses to m keeping its labial place (HGM: SKABS 'DIR = kamdir), located by prefix-pronunciation alignment against the corpus; engine baseline says sempa rabbar; review sheet docs/PRENASAL_REGISTER.md			
pronunciation-2026-08-09-203	pronunciation	pending	prenasal derivation engine (machine)	2026-08-09	gser gyi 'od zer rab 'bar pa	ser gyi user rambarpa		machine-derived: b(s)-coda prenasal collapses to m keeping its labial place (HGM: SKABS 'DIR = kamdir), located by prefix-pronunciation alignment against the corpus; engine baseline says ser gyi user rabbarpa; review sheet docs/PRENASAL_REGISTER.md			
pronunciation-2026-08-09-204	pronunciation	pending	prenasal derivation engine (machine)	2026-08-09	bsod nams rab 'bar	sunam rambar		machine-derived: b(s)-coda prenasal collapses to m keeping its labial place (HGM: SKABS 'DIR = kamdir), located by prefix-pronunciation alignment against the corpus; engine baseline says sunam rabbar; review sheet docs/PRENASAL_REGISTER.md			
pronunciation-2026-08-09-205	pronunciation	pending	prenasal derivation engine (machine)	2026-08-09	lhag par rab 'bar	hlakpar rambar		machine-derived: b(s)-coda prenasal collapses to m keeping its labial place (HGM: SKABS 'DIR = kamdir), located by prefix-pronunciation alignment against the corpus; engine baseline says hlakpar rabbar; review sheet docs/PRENASAL_REGISTER.md			
honorific-2026-08-09-206	honorific	pending	Hackett verb-lexicon mining (machine)	2026-08-09	ljags klog		klog	marked (hon.) in Hackett, A Tibetan Verb Lexicon, p.45; gloss: to read (hon.); mined from Adam's scan 2026-08-09			
honorific-2026-08-09-207	honorific	pending	Hackett verb-lexicon mining (machine)	2026-08-09	dgyes		dga'	marked (hon.) in Hackett, A Tibetan Verb Lexicon, p.60; gloss: to please; to be pleased (hon.); mined from Adam's scan 2026-08-09			
honorific-2026-08-09-208	honorific	pending	Hackett verb-lexicon mining (machine)	2026-08-09	thugs mnyes		mnyes	marked (hon.) in Hackett, A Tibetan Verb Lexicon, p.90; gloss: to be pleased (hon.); mined from Adam's scan 2026-08-09			
honorific-2026-08-09-209	honorific	pending	Hackett verb-lexicon mining (machine)	2026-08-09	bka' stsal		smra / stsol	marked (hon.) in Hackett, A Tibetan Verb Lexicon, p.147; gloss: to say; to speak (hon.); mined from Adam's scan 2026-08-09			
honorific-2026-08-09-210	honorific	pending	Hackett verb-lexicon mining (machine)	2026-08-09	zhu 'tshal			marked (hon.) in Hackett, A Tibetan Verb Lexicon, p.149; gloss: please [do X] (hon.); mined from Adam's scan 2026-08-09			
honorific-2026-08-09-211	honorific	pending	Hackett verb-lexicon mining (machine)	2026-08-09	zhal gyis bzhes		'dod / bzhed	marked (hon.) in Hackett, A Tibetan Verb Lexicon, p.157; gloss: to assert; to accept (hon.); mined from Adam's scan 2026-08-09			
honorific-2026-08-09-212	honorific	pending	Manual of Authentic Tibetan mining (machine)	2026-08-09	khong		kho rang / mo rang	marked (H) in Choephel, Manual of Authentic Tibetan (Thosamling 2018), p.39; textbook endorsed by Prof. U. Roesler (Oxford)			
honorific-2026-08-09-213	honorific	pending	Manual of Authentic Tibetan mining (machine)	2026-08-09	mtshan		ming	marked (H) in Choephel, Manual of Authentic Tibetan (Thosamling 2018), p.46 (khyed rang gi mtshan ga re red)			
honorific-2026-08-09-214	honorific	pending	Manual of Authentic Tibetan mining (machine)	2026-08-09	mjal		thug	TWO sources: (H)-marked in Choephel, Manual of Authentic Tibetan (2018) p.46 (khyed rang mjal bas dga' po byung) AND Hackett, A Tibetan Verb Lexicon p.156 (to meet in person)			
