acip_input_code,gmr_reading,occurrences,courses,differs_from_plain_strip
om%,om,718,TCS04Initiation TCS04Mantras TCS04PrayerBook,no
hu#m%,hung,476,TCS04Initiation TCS04Mantras TCS04PrayerBook,yes
sva#,sva,304,TCS04Initiation TCS04Mantras TCS04PrayerBook,no
ha#,ha,304,TCS04Initiation TCS04Mantras TCS04PrayerBook,no
vajra,vajra,233,TCS04Initiation TCS04Mantras TCS04PrayerBook,no
a#:,ah,185,TCS04Initiation TCS04Mantras TCS04PrayerBook,yes
phat%,phet,168,TCS04Initiation TCS04Mantras TCS04PrayerBook,yes
sapariva#ra,saparivara,135,TCS04Initiation TCS04Mantras TCS04PrayerBook,no
sarva,sarva,116,TCS04Initiation TCS04Mantras TCS04PrayerBook,no
praticcha,praticha,113,TCS04Initiation TCS04Mantras TCS04PrayerBook,yes
svabha#va,svabhava,105,TCS04Initiation TCS04Mantras TCS04PrayerBook,no
bhyo:,bhyoh,102,TCS16KaliWang,yes
ka#lidevi,kalidevi,75,TCS04Mantras TCS04PrayerBook TCS16KaliWang,no
hri#:,hrih,71,TCS04Initiation TCS04Mantras TCS04PrayerBook,yes
ragmo,rakmo,69,TCS16KaliWang,yes
gandhe,gandhe,59,TCS04Initiation TCS04Mantras TCS04PrayerBook,no
prati#cchaye,pratichaye,57,TCS16KaliWang,yes
s%t%ri#:,shtrih,55,TCS04Initiation TCS04Mantras TCS04PrayerBook,yes
pus%t%im%,pushtim,54,TCS04Mantras TCS16KaliWang,yes
shri#devi,shridevi,53,TCS16KaliWang,no
s*a#ntim%,shantim,52,TCS16KaliWang,yes
argham%,argham,49,TCS04Initiation TCS04Mantras TCS04PrayerBook,no
pus%pe,pushpe,49,TCS04Initiation TCS04Mantras TCS04PrayerBook,yes
dhu#pe,dhupe,49,TCS04Initiation TCS04Mantras TCS04PrayerBook,no
yogini#,yogini,49,TCS07 TCS08PabongkaSadhana,no
vas*am%karama,vashankarama,47,TCS16KaliWang,yes
nakmo,nakmo,47,TCS16KaliWang,no
rakmo,rakmo,47,TCS16KaliWang,no
sapa#rivara,saparivara,46,TCS07,no
vikr%ta#nana,vikirta-anana,45,TCS04Initiation TCS04Mantras TCS04PrayerBook,yes
yama#ntaka,yamantaka,44,TCS04Initiation TCS04Mantras TCS04PrayerBook,no
shabda,shabda,43,TCS04Initiation TCS04Mantras TCS04PrayerBook,no
pa#dyam%,padyam,42,TCS04Initiation TCS04Mantras TCS04PrayerBook,no
s*uddho'ham,shuddhohang,41,TCS04Initiation TCS04Mantras TCS04PrayerBook,yes
ja:,jah,39,TCS04Initiation TCS04Mantras TCS04PrayerBook,yes
kha,kha,37,TCS04Mantras TCS04PrayerBook TCS16KaliWang,no
a#loke,aloke,35,TCS04Initiation TCS04Mantras TCS04PrayerBook,no
thun,thun,34,TCS16KaliWang,no
rulu,rulu,34,TCS16KaliWang,no
dharma#:,dharmah,33,TCS04Initiation TCS04Mantras TCS04PrayerBook,yes
naivedya#,naivedya,33,TCS04Initiation TCS04Mantras TCS04PrayerBook,no
kha#hi,khahi,32,TCS04Mantras TCS04PrayerBook TCS07,no
s*uddha#:,shuddhah,31,TCS04Initiation TCS04Mantras TCS04PrayerBook,yes
ga:,gah,30,TCS04Initiation TCS04Mantras TCS04PrayerBook,yes
prati#ccha,praticha,27,TCS04Initiation TCS04Mantras TCS04PrayerBook,yes
das*a,dasha,26,TCS04Initiation TCS04Mantras TCS04PrayerBook,yes
dik,dik,26,TCS04Initiation TCS04Mantras TCS04PrayerBook,no
lokapa#la,lokapala,26,TCS04Initiation TCS04Mantras TCS04PrayerBook,no
kuru,kuru,25,TCS04Initiation TCS04Mantras TCS04PrayerBook,no
naivedya,naivedya,23,TCS04Initiation TCS04Mantras TCS04PrayerBook,no
s*ri#devi,shridevi,21,TCS16KaliWang,yes
s*abda,shabda,20,TCS04Initiation TCS04Mantras TCS04PrayerBook,yes
vikr%ta#nana,vikirtanana,20,TCS04Initiation TCS04Mantras TCS04PrayerBook,yes
vam%,vam,20,TCS04Initiation TCS04Mantras TCS04PrayerBook,no
kalaru#pa,kalarupa,20,TCS04Mantras TCS04PrayerBook,no
hi,hi,19,TCS16KaliWang,no
tatha#gata,tathagata,18,TCS04Initiation TCS07 TCS08PabongkaSadhana,no
maha#ka#la,mahakala,18,TCS04Mantras TCS04PrayerBook,no
vais#ravan%a,vaishravana,18,TCS04Mantras TCS04PrayerBook,yes
buddha,buddha,18,TCS07 TCS08PabongkaSadhana,no
d%a#kini#ye,dakiniye,18,TCS07 TCS08PabongkaSadhana,no
varn%ani#ye,varnaniye,18,TCS07 TCS08PabongkaSadhana,no
vairocani#ye,vairochaniye,18,TCS07 TCS08PabongkaSadhana,yes
kha#,kha,18,TCS16KaliWang,no
maha#krodha,mahakrodha,17,TCS04Initiation TCS04Mantras TCS04PrayerBook,no
abhis%in~ca,abhishincha,17,TCS04Initiation TCS16KaliWang,yes
la,la,17,TCS16KaliWang,no
rag,rak,17,TCS16KaliWang,yes
chen,chen,17,TCS16KaliWang,no
ma,mo,17,TCS16KaliWang,yes
avyatavya,avyatavya,17,TCS16KaliWang,no
bhyo,bhyo,17,TCS16KaliWang,no
ho:,ho,16,TCS04Initiation TCS04Mantras TCS04PrayerBook,yes
s*uddha#:,shuddha,15,TCS07 TCS08PabongkaSadhana,yes
dharma#:,dharma,15,TCS07 TCS08PabongkaSadhana,yes
di#pe,dipe,14,TCS07 TCS08PabongkaSadhana TCS12,no
guru,guru,14,TCS07 TCS08PabongkaSadhana,no
sattva,sattva,11,TCS04Initiation TCS04Mantras TCS04PrayerBook,no
amr%ta,amirta,11,TCS04Initiation TCS07 TCS16KaliWang,yes
samaya,samaya,11,TCS04Initiation TCS07 TCS08PabongkaSadhana,no
ra#ja#,raja,11,TCS12,no
ha:,ha,10,TCS04Initiation TCS04Mantras TCS04PrayerBook,yes
dus%t%am%,dushtam,10,TCS04Initiation TCS04Mantras TCS04PrayerBook,yes
damaka,damaka,10,TCS04Initiation TCS04Mantras TCS04PrayerBook,no
kuma#ra,kumara,10,TCS04Initiation TCS04Mantras TCS04PrayerBook,no
ru#pin%e,rupine,10,TCS04Initiation TCS04Mantras TCS04PrayerBook,no
ha:,hah,10,TCS04Initiation TCS04Mantras TCS04PrayerBook,yes
hai,hai,10,TCS04Initiation TCS04Mantras TCS04PrayerBook,no
di#pta,dipta,10,TCS04Initiation TCS04Mantras TCS04PrayerBook,no
locana,lochana,10,TCS04Initiation TCS04Mantras TCS04PrayerBook,yes
maha#t%t%at%t%a,mahattatta,10,TCS04Initiation TCS04Mantras TCS04PrayerBook,no
ha#sa,hasa,10,TCS04Initiation TCS04Mantras TCS04PrayerBook,no
nadini,nadini,10,TCS04Initiation TCS04Mantras TCS04PrayerBook,no
di#ptaya,diptaya,10,TCS04Initiation TCS04Mantras TCS04PrayerBook,no
ja:,ja,10,TCS04Initiation TCS04Mantras TCS04PrayerBook,yes
idam,idam,10,TCS04Mantras TCS04PrayerBook,no
balim%,balim,10,TCS04Mantras TCS04PrayerBook,no
ta,ta,10,TCS04Mantras TCS04PrayerBook,no
vighna#n,vighnan,10,TCS12 TCS16KaliWang,no
mama,mama,10,TCS16KaliWang,no
a#yur,ayur,10,TCS16KaliWang,no
ha,ha,9,TCS04Initiation TCS04Mantras TCS04PrayerBook,no
pu#ja,puja,9,TCS04Initiation TCS04Mantras TCS04PrayerBook,no
pan~ca#mr%ta,pancha-amirta,9,TCS16KaliWang,yes
maha#rakta,maharakta,9,TCS16KaliWang,no
a#gaccha,agacha,8,TCS04Initiation TCS04Mantras TCS04PrayerBook,yes
ka#ya,kaya,8,TCS16KaliWang,no
ho:,hoh,7,TCS04Initiation TCS04Mantras TCS04PrayerBook,yes
abhis%ekata,abhishekata,7,TCS04Initiation TCS07 TCS08PabongkaSadhana,yes
pan~ca,pancha,7,TCS07 TCS16KaliWang,yes
traidha#tu,traidhatu,7,TCS16KaliWang,no
nr%,nir,7,TCS16KaliWang,yes
vasu,vasu,7,TCS16KaliWang,no
vas*am%,vasham,7,TCS16KaliWang,yes
bho,bho,6,TCS04Initiation TCS04Mantras TCS04PrayerBook,no
asmad,asmad,6,TCS04Initiation TCS04Mantras TCS04PrayerBook,no
pratigr%hn%antu,pratigirhnantu,6,TCS04Initiation TCS04Mantras TCS04PrayerBook,yes
prasa#da,prasada,6,TCS04Initiation TCS04Mantras TCS04PrayerBook,no
me,me,6,TCS04Initiation TCS04Mantras TCS04PrayerBook,no
dhi#ma#n,dhiman,6,TCS04Initiation TCS04Mantras TCS04PrayerBook,no
ho,ho,6,TCS04Initiation TCS04Mantras TCS07,no
tvam%,tvam,6,TCS04Initiation TCS07 TCS08PabongkaSadhana,no
s*ri#ye,shriye,6,TCS04Initiation TCS07 TCS08PabongkaSadhana,yes
pa#dyam,padyam,6,TCS04Mantras TCS04PrayerBook TCS16KaliWang,no
ratna,ratna,6,TCS07 TCS08PabongkaSadhana,no
namo,namo,6,TCS07 TCS08PabongkaSadhana,no
gan%acakra,ganachakra,6,TCS07,yes
pun%ye,punye,6,TCS16KaliWang,no
citta,chitta,6,TCS16KaliWang,yes
s*uddhoham,shuddhohang,5,TCS04Initiation,yes
s*u#n~ata#,shunyata,5,TCS04Initiation TCS04Mantras TCS04PrayerBook,yes
jn~a#na,jnyana,5,TCS04Initiation TCS04Mantras TCS04PrayerBook,yes
idam%,idam,5,TCS07 TCS08PabongkaSadhana,no
man%d%alakam%,mandalakam,5,TCS07 TCS08PabongkaSadhana,no
nirya#taya#mi,niryatayami,5,TCS07 TCS08PabongkaSadhana,no
roga,roga,5,TCS16KaliWang,no
jn~a#na,jnana,5,TCS16KaliWang,yes
s*atrum%,shatrum,5,TCS16KaliWang,yes
ma#raya,maraya,5,TCS16KaliWang,no
tapte,tapte,4,TCS04Initiation TCS12,no
padma,padma,4,TCS04Initiation TCS04Mantras TCS04PrayerBook,no
udaka,udaka,4,TCS04Initiation,no
hri#:,hri,4,TCS04Initiation TCS07 TCS08PabongkaSadhana,yes
atmako'ham%,atmakoham,4,TCS04Mantras TCS04PrayerBook TCS07,yes
ru#pa,rupa,4,TCS07 TCS16KaliWang,no
rasa,rasa,4,TCS07 TCS16KaliWang,no
spars*a,sparsha,4,TCS07 TCS16KaliWang,yes
khan%d%arohi,khandarohi,4,TCS12,no
mudgara,mudgara,3,TCS04Initiation TCS04Mantras TCS04PrayerBook,no
dan%d%a,danda,3,TCS04Initiation TCS04Mantras TCS04PrayerBook,no
tis%t%ha,tishtha,3,TCS04Initiation TCS07,yes
hum%,hung,3,TCS04Initiation TCS12 TCS16KaliWang,yes
netra,netra,3,TCS04Initiation TCS07 TCS08PabongkaSadhana,no
a#tmako'ham%,atmakoham,3,TCS04Initiation TCS07,yes
cakra,chakra,3,TCS04Mantras TCS04PrayerBook TCS07,yes
a#dars*e,adarshe,3,TCS07 TCS08PabongkaSadhana,yes
vi#ni,vini,3,TCS07 TCS08PabongkaSadhana,no
rase,rase,3,TCS07 TCS08PabongkaSadhana,no
spars*e,sparshe,3,TCS07 TCS08PabongkaSadhana,yes
dharme,dharme,3,TCS07 TCS08PabongkaSadhana,no
d%a#kini#,dakini,3,TCS07 TCS08PabongkaSadhana,no
pravara,pravara,3,TCS12,no
satka#ram%,satkaram,3,TCS12,no
va#k,vak,3,TCS16KaliWang,no
a#ves*aya,aveshaya,3,TCS16KaliWang,yes
pus%t%im%kara,pushtinkara,3,TCS16KaliWang,yes
mu:,muh,2,TCS04Initiation TCS12,yes
khad%ga,khadga,2,TCS04Initiation TCS04Mantras,no
svadana,svadana,2,TCS04Initiation TCS07,no
gr%hn%a,girhna,2,TCS04Initiation,yes
gr%hn%a#paya,girhnapaya,2,TCS04Initiation,yes
tvam,tvam,2,TCS04Initiation,no
abhis%in~ca#mi,abhishinchami,2,TCS04Initiation TCS07,yes
samayas,samayas,2,TCS04Initiation TCS08PabongkaSadhana,no
na#ma,nama,2,TCS04Initiation TCS07,no
om,om,2,TCS04Initiation TCS16KaliWang,no
anura#gana,anuragana,2,TCS04Initiation,no
a,ah,2,TCS04Initiation TCS04Mantras,yes
maha#sukha,mahasukha,2,TCS04Initiation TCS07,no
suddha#:,shuddhah,2,TCS04Initiation,yes
suddho'ham,shuddhohang,2,TCS04Initiation,yes
arapacana,arapachana,2,TCS04Mantras TCS04PrayerBook,yes
dhi#:,dhi,2,TCS04Mantras TCS04PrayerBook,yes
gan%a,gana,2,TCS04Mantras TCS04PrayerBook,no
maha#k#ala,mahakala,2,TCS04Mantras TCS04PrayerBook,no
naivedeya#,naivedya,2,TCS04Mantras TCS04PrayerBook,yes
h'um%,hung,2,TCS04Mantras TCS04PrayerBook,yes
jvala,jvala,2,TCS04Mantras,no
man%d%ala,mandala,2,TCS07,no
dharma,dharma,2,TCS07 TCS08PabongkaSadhana,no
sapariva#ra,sapariwara,2,TCS07 TCS08PabongkaSadhana,yes
vajra#sane,vajrasane,2,TCS07 TCS08PabongkaSadhana,no
ajite,ajite,2,TCS07 TCS08PabongkaSadhana,no
'para#jite,aparajite,2,TCS07 TCS08PabongkaSadhana,yes
vas*am%kari,vashamkari,2,TCS07 TCS08PabongkaSadhana,yes
bhra#man%i,bhramani,2,TCS07 TCS08PabongkaSadhana,no
s*os%an%i,shoshani,2,TCS07 TCS08PabongkaSadhana,yes
ros%an%i,roshani,2,TCS07 TCS08PabongkaSadhana,yes
krodhe,khrodhe,2,TCS07 TCS08PabongkaSadhana,yes
kara#lini,karalini,2,TCS07 TCS08PabongkaSadhana,no
namas,namas,2,TCS07 TCS08PabongkaSadhana,no
tra#sani,trasani,2,TCS07 TCS08PabongkaSadhana,no
ma#ran%i,marani,2,TCS07 TCS08PabongkaSadhana,no
prabhedani#,prabhedani,2,TCS07 TCS08PabongkaSadhana,no
para#jaye,parajaye,2,TCS07 TCS08PabongkaSadhana,no
vijaye,vijaye,2,TCS07 TCS08PabongkaSadhana,no
jambhani,jambhani,2,TCS07 TCS08PabongkaSadhana,no
stambhani,stambhani,2,TCS07 TCS08PabongkaSadhana,no
mohani,mohani,2,TCS07 TCS08PabongkaSadhana,no
dharmapa#la,dharmapala,2,TCS07,no
sama#ja:,samajah,2,TCS12 TCS16KaliWang,yes
ka#li#devi#,kalidevi,2,TCS16KaliWang,no
s*a#ntim%kara,shantinkara,2,TCS16KaliWang,yes
a#kars%aya,akarshaya,2,TCS16KaliWang,yes
vas*am%kara,vashankara,2,TCS16KaliWang,yes
th%a,tha,2,TCS16KaliWang,no
a#yudevi,ayudevi,2,TCS16KaliWang,no
siddhi,siddhi,2,TCS16KaliWang,no
raks%a,raksha,2,TCS16KaliWang,yes
maha#tpte,mahatapte,1,TCS04Initiation,yes
t%ha,ta,1,TCS04Initiation,yes
atmakoham%,atmakoham,1,TCS04Initiation,yes
a#tmakoham%,atmakoham,1,TCS04Initiation,yes
sumbha,sumbha,1,TCS04Initiation,no
nisumbha,nisumbha,1,TCS04Initiation,no
a#naya,anaya,1,TCS04Initiation,no
bhagavan,bhagavan,1,TCS04Initiation,no
udgha#t%a,udhata,1,TCS04Initiation,yes
praves*aya,praveshaya,1,TCS04Initiation,yes
jam%bi#ra,khambira,1,TCS04Initiation,yes
maha#rata,maharata,1,TCS04Initiation,no
sudr%d%ha,sudirdha,1,TCS04Initiation,yes
sutos%o,sutosho,1,TCS04Initiation,yes
susukho,susukho,1,TCS04Initiation,no
vajrasattva,vajrasattva,1,TCS04Initiation,no
adya,adya,1,TCS04Initiation,no
siddhya,siddhya,1,TCS04Initiation,no
ma#m%,mam,1,TCS04Initiation,no
t%ha,tha,1,TCS04Initiation,no
pratigr%hn%as,pratigirhnas,1,TCS04Initiation,yes
imam,imam,1,TCS04Initiation,no
maha#ba#la,mahabala,1,TCS04Initiation,no
he,he,1,TCS04Initiation,no
pas*ya,pashya,1,TCS04Initiation,yes
suratas,suratas,1,TCS04Initiation,no
a,a,1,TCS04Initiation,no
ham%,ham,1,TCS04Initiation,no
adhipati,adhipati,1,TCS04Initiation,no
sattvas,sattvas,1,TCS04Initiation,no
abhishin~ca#mi,abhishinchami,1,TCS04Initiation,yes
apahara,apahara,1,TCS04Initiation,no
pat%alam%,patalam,1,TCS04Initiation,no
anura#gaya#mi,anuragayami,1,TCS04Initiation,no
hetu,hetu,1,TCS04Initiation,no
mam,mam,1,TCS04Initiation,no
bha#s%aram%,bhasharam,1,TCS04Initiation,yes
maha#samaya,mahasamaya,1,TCS04Initiation,no
hana,hana,1,TCS04Initiation,no
bhaja,bhaja,1,TCS04Initiation,no
moks%a,moksha,1,TCS04Initiation,yes
maha#,maha,1,TCS04Mantras,no
sukha,sukha,1,TCS04Mantras,no
vaisravan%a,vaishravana,1,TCS04Mantras,yes
veta#li#,vetali,1,TCS04Mantras,no
jinajik,jinajik,1,TCS04Mantras,no
ratnadhr%k,ratnadhirk,1,TCS04Mantras,yes
a#rolika,arolika,1,TCS04Mantras,no
prajn~a#dhr%k,prajnyadhirk,1,TCS04Mantras,yes
mudgaradhr%k,mudgaradhirk,1,TCS04Mantras,yes
dan%d%adhr%k,dandadhirk,1,TCS04Mantras,yes
padmadhr%k,padmadhirk,1,TCS04Mantras,yes
moharati,moharati,1,TCS04Mantras,no
dves%arati,dvesharati,1,TCS04Mantras,yes
ra#garati,ragarati,1,TCS04Mantras,no
vajratari,vajrarati,1,TCS04Mantras,yes
kham%ga,khangga,1,TCS04PrayerBook,yes
vais*ravan%a,vaishravana,1,TCS04PrayerBook,yes
s*veta,shveta,1,TCS07,yes
di#pa,dipa,1,TCS07,no
bhat%t%a#raka#,bhattaraka,1,TCS07,no
yogama#,yogama,1,TCS07,no
na#ro,naro,1,TCS07,no
khecarasya,khecharasya,1,TCS07,yes
sindhurasya,sindhurasya,1,TCS07,no
sa#ddhya,saddhya,1,TCS07,no
ca,cha,1,TCS07,yes
vas*o,vasho,1,TCS07,yes
vidhi,vidhi,1,TCS07,no
viharatisma,viharatisma,1,TCS07,no
svasti,svasti,1,TCS07,no
siddham%,siddham,1,TCS07,no
sapta,sapta,1,TCS07,no
as%t%a,ashta,1,TCS07,yes
mam*gala,mangala,1,TCS07,yes
caks%urbandha,chakshurbandha,1,TCS07,yes
varama#naya,varamanaya,1,TCS07,no
kham%bi#ra,khambira,1,TCS07,no
yoga,yoga,1,TCS07,no
cittam,cittam,1,TCS07,no
utpataya#mi,utpatayami,1,TCS07,no
vi#ras,viras,1,TCS07,no
vajradhara,vajradhara,1,TCS07,no
vajrayogini#,vajrayogini,1,TCS07,no
deva,deva,1,TCS07,no
ks%etrapa#la,kshetrapala,1,TCS07,yes
a#rali,arali,1,TCS08PabongkaSadhana,no
tr%s%ya,tirshya,1,TCS08PabongkaSadhana,yes
naivedya#,naividya,1,TCS08PabongkaSadhana,yes
muh:,muh,1,TCS08PabongkaSadhana,yes
maha#tapte,mahatapte,1,TCS12,no
khan%d%a,khandarohe,1,TCS12,yes
rohe,hung,1,TCS12,yes
hum%,phet,1,TCS12,yes
phat%om%,om,1,TCS12,yes
ehyehi,ehyehi,1,TCS12,no
kamala#yes,kamalayes,1,TCS12,no
nama:,namah,1,TCS12,yes
tatha#gatabhyo,tathagatabhyo,1,TCS12,no
vishva,vishva,1,TCS12,no
mukhebhya:,mukhebhyah,1,TCS12,yes
tatkham%,tatkham,1,TCS12,no
udgate,udgate,1,TCS12,no
spharan%a,spharana,1,TCS12,no
imam%,imam,1,TCS12,no
gaganakham%,gaganakham,1,TCS12,no
gr%hn%edam%,girhnedam,1,TCS12,yes
balim%taye,balimtaye,1,TCS12,no
vighna#n,bighnan,1,TCS16KaliWang,yes
pus%t%im*,pushtim,1,TCS16KaliWang,yes
kula,kula,1,TCS16KaliWang,no
abhis*in~ca,abhishincha,1,TCS16KaliWang,yes
ka#lidevi#,kalidevi,1,TCS16KaliWang,no
vasham%kara,vashankara,1,TCS16KaliWang,yes
a#kars%a,akarshaya,1,TCS16KaliWang,yes
mamo,mamo,1,TCS16KaliWang,no
nagmo,nakmo,1,TCS16KaliWang,yes
udga,udga,1,TCS16KaliWang,no
e,eh,1,TCS16KaliWang,yes
hya,hya,1,TCS16KaliWang,no
ho,hoh,1,TCS16KaliWang,yes
a#yu,ayu,1,TCS16KaliWang,no
amaran%i,amarani,1,TCS16KaliWang,no
ji#vantiye,jivantiye,1,TCS16KaliWang,no
a#ves*aya,aveshaa,1,TCS16KaliWang,yes
om$%,om,1,TCS16KaliWang,yes
mu,muh,1,TCS16KaliWang,yes
