# THE HONORIFIC REGISTER — Tournadre & Sangda Dorje, Manual of
# Standard Tibetan (Snow Lion 2003), Appendix 3, pp.446-449 (Adam's
# copy). The definitive taxonomy. Facts with citation; in-house.
#
# THE FOUR-LEVEL TAXONOMY (p.446):
#   spyir btang zhe sa   = general honorific (H)
#   zhe sa mtho po       = HIGH honorific (HH) — "especially high
#                          lamas and State dignitaries" (p.447)
#   dma' sa bzung ba'i zhe sa = humilific (h; term coined S. Beyer
#                          1992) — 1st person as subject; respect
#                          toward the person the action is directed to
#   phyogs gnyis kyi zhe sa = double honorific (hH) — subject AND
#                          recipient both respected
# KEY FACTS: honorific NEVER used of oneself (humilific instead);
# "only a FEW high and double honorifics, and they are not often
# used" (p.447); mixed registers in one sentence = zhe sa rkang chag
# "lame honorifics" (p.448); in LITERATURE the honorific plays a
# grammatical role — substitutes for person marking, identifies who
# acts (p.448) [pedagogical gold for corpus reading].
#
# LEVEL TABLE (p.447): verb	humilific	ordinary	honorific
to drink	zhus	'thung	mchod
to give	phul	sprad	gnang
to stay, sit	—	bsdad	bzhugs
to go	bcar	'gro	phebs
to speak	bka' mol zhus	skad cha bshad	bka' mol gnang
# HIGH + DOUBLE (p.447): verb	high (HH)	double (hH)
to give	—	phul gnang
to stay, sit	bzhugs gdan 'jags	—
to go	chibs bsgyur gnang	—
to speak	—	bka' mol zhus gnang
# HONORIFIC PREFIXES (~a dozen, p.448): sku(body) phyag(hand)
# dbu(head) spyan(eyes) zhal(mouth) zhabs(leg) ljags(tongue)
# thugs(mind) bka'(speech) + verb-derived gsol(pray) bzhes(take)
# gzim(sleep). [ljags CONFIRMS the Hackett ljags-klog reading.]
# sku's wide field (p.448): sku khrag(blood) sku stod(shirt)
# sku chas(possessions) sku brnyan(statue) sku mgron(guest)
# VERBALIZERS (p.448-9): gnang→byed/sprad; bskyon→brgyab;
# btang gnang→btang; bzhes→len/za/'thung; zhus(humilific)→za/'thung/
# len/bshad; phul(humilific)→give; bzhengs→langs
# ADJECTIVES (few, p.449): skyid po/zhim po→spro po(H);
# mnyam du→lhan rgyas(H); mgyogs po→(H, rare); rare suffix
# "gnang ngo": 'jam po→'jam gnang ngo, dben po→dben gnang ngo
